clf,dataset_name,dataset_type,auc,distances
RSIF,COX2,graph,0.4473,Ipse_Port_BagO
RSIF,COX2,graph,0.51,Ipse_Port_BagO
RSIF,COX2,graph,0.5109,Ipse_Port_BagO
RSIF,COX2,graph,0.4873,Ipse_Port_BagO
RSIF,COX2,graph,0.5709,Ipse_Port_BagO
RSIF,COX2,graph,0.4909,Ipse_Port_BagO
RSIF,COX2,graph,0.52,Ipse_Port_BagO
RSIF,COX2,graph,0.4255,Ipse_Port_BagO
RSIF,COX2,graph,0.6073,Ipse_Port_BagO
RSIF,COX2,graph,0.5145,Ipse_Port_BagO
RSIF,COX2,graph,0.4036,Ipse_Port_NetS
RSIF,COX2,graph,0.4691,Ipse_Port_NetS
RSIF,COX2,graph,0.54,Ipse_Port_NetS
RSIF,COX2,graph,0.6036,Ipse_Port_NetS
RSIF,COX2,graph,0.4291,Ipse_Port_NetS
RSIF,COX2,graph,0.5182,Ipse_Port_NetS
RSIF,COX2,graph,0.66,Ipse_Port_NetS
RSIF,COX2,graph,0.3473,Ipse_Port_NetS
RSIF,COX2,graph,0.6455,Ipse_Port_NetS
RSIF,COX2,graph,0.5455,Ipse_Port_NetS
RSIF,COX2,graph,0.52,Ipse_Port_Degr
RSIF,COX2,graph,0.4018,Ipse_Port_Degr
RSIF,COX2,graph,0.4164,Ipse_Port_Degr
RSIF,COX2,graph,0.6218,Ipse_Port_Degr
RSIF,COX2,graph,0.6236,Ipse_Port_Degr
RSIF,COX2,graph,0.5909,Ipse_Port_Degr
RSIF,COX2,graph,0.6927,Ipse_Port_Degr
RSIF,COX2,graph,0.4509,Ipse_Port_Degr
RSIF,COX2,graph,0.7218,Ipse_Port_Degr
RSIF,COX2,graph,0.48,Ipse_Port_Degr
RSIF,COX2,graph,0.5291,Ipse_Port_NetL
RSIF,COX2,graph,0.4727,Ipse_Port_NetL
RSIF,COX2,graph,0.5873,Ipse_Port_NetL
RSIF,COX2,graph,0.6182,Ipse_Port_NetL
RSIF,COX2,graph,0.5,Ipse_Port_NetL
RSIF,COX2,graph,0.5182,Ipse_Port_NetL
RSIF,COX2,graph,0.5436,Ipse_Port_NetL
RSIF,COX2,graph,0.4382,Ipse_Port_NetL
RSIF,COX2,graph,0.5327,Ipse_Port_NetL
RSIF,COX2,graph,0.5227,Ipse_Port_NetL
RSIF,COX2,graph,0.66,Ipse_Port_Nume
RSIF,COX2,graph,0.5327,Ipse_Port_Nume
RSIF,COX2,graph,0.6364,Ipse_Port_Nume
RSIF,COX2,graph,0.6745,Ipse_Port_Nume
RSIF,COX2,graph,0.53,Ipse_Port_Nume
RSIF,COX2,graph,0.5091,Ipse_Port_Nume
RSIF,COX2,graph,0.6291,Ipse_Port_Nume
RSIF,COX2,graph,0.5673,Ipse_Port_Nume
RSIF,COX2,graph,0.5564,Ipse_Port_Nume
RSIF,COX2,graph,0.5,Ipse_Port_Nume
RSIF,COX2,graph,0.4582,Ipse_Port
RSIF,COX2,graph,0.3782,Ipse_Port
RSIF,COX2,graph,0.4655,Ipse_Port
RSIF,COX2,graph,0.5073,Ipse_Port
RSIF,COX2,graph,0.4964,Ipse_Port
RSIF,COX2,graph,0.5345,Ipse_Port
RSIF,COX2,graph,0.6927,Ipse_Port
RSIF,COX2,graph,0.34,Ipse_Port
RSIF,COX2,graph,0.5964,Ipse_Port
RSIF,COX2,graph,0.4782,Ipse_Port
RSIF,COX2,graph,0.4973,Ipse_BagO_NetS
RSIF,COX2,graph,0.4545,Ipse_BagO_NetS
RSIF,COX2,graph,0.5309,Ipse_BagO_NetS
RSIF,COX2,graph,0.52,Ipse_BagO_NetS
RSIF,COX2,graph,0.4364,Ipse_BagO_NetS
RSIF,COX2,graph,0.5509,Ipse_BagO_NetS
RSIF,COX2,graph,0.6927,Ipse_BagO_NetS
RSIF,COX2,graph,0.3327,Ipse_BagO_NetS
RSIF,COX2,graph,0.6273,Ipse_BagO_NetS
RSIF,COX2,graph,0.4218,Ipse_BagO_NetS
RSIF,COX2,graph,0.4682,Ipse_BagO_Degr
RSIF,COX2,graph,0.3055,Ipse_BagO_Degr
RSIF,COX2,graph,0.5145,Ipse_BagO_Degr
RSIF,COX2,graph,0.6182,Ipse_BagO_Degr
RSIF,COX2,graph,0.58,Ipse_BagO_Degr
RSIF,COX2,graph,0.6,Ipse_BagO_Degr
RSIF,COX2,graph,0.7164,Ipse_BagO_Degr
RSIF,COX2,graph,0.5309,Ipse_BagO_Degr
RSIF,COX2,graph,0.6764,Ipse_BagO_Degr
RSIF,COX2,graph,0.5455,Ipse_BagO_Degr
RSIF,COX2,graph,0.5618,Ipse_BagO_NetL
RSIF,COX2,graph,0.3891,Ipse_BagO_NetL
RSIF,COX2,graph,0.5636,Ipse_BagO_NetL
RSIF,COX2,graph,0.5945,Ipse_BagO_NetL
RSIF,COX2,graph,0.5073,Ipse_BagO_NetL
RSIF,COX2,graph,0.4236,Ipse_BagO_NetL
RSIF,COX2,graph,0.6855,Ipse_BagO_NetL
RSIF,COX2,graph,0.6436,Ipse_BagO_NetL
RSIF,COX2,graph,0.7018,Ipse_BagO_NetL
RSIF,COX2,graph,0.4673,Ipse_BagO_NetL
RSIF,COX2,graph,0.6055,Ipse_BagO_Nume
RSIF,COX2,graph,0.5036,Ipse_BagO_Nume
RSIF,COX2,graph,0.4909,Ipse_BagO_Nume
RSIF,COX2,graph,0.6164,Ipse_BagO_Nume
RSIF,COX2,graph,0.6273,Ipse_BagO_Nume
RSIF,COX2,graph,0.4127,Ipse_BagO_Nume
RSIF,COX2,graph,0.7145,Ipse_BagO_Nume
RSIF,COX2,graph,0.6382,Ipse_BagO_Nume
RSIF,COX2,graph,0.7127,Ipse_BagO_Nume
RSIF,COX2,graph,0.4318,Ipse_BagO_Nume
RSIF,COX2,graph,0.51,Ipse_BagO
RSIF,COX2,graph,0.4291,Ipse_BagO
RSIF,COX2,graph,0.3655,Ipse_BagO
RSIF,COX2,graph,0.5364,Ipse_BagO
RSIF,COX2,graph,0.5745,Ipse_BagO
RSIF,COX2,graph,0.5036,Ipse_BagO
RSIF,COX2,graph,0.7109,Ipse_BagO
RSIF,COX2,graph,0.4491,Ipse_BagO
RSIF,COX2,graph,0.5127,Ipse_BagO
RSIF,COX2,graph,0.4109,Ipse_BagO
RSIF,COX2,graph,0.4564,Ipse_NetS_Degr
RSIF,COX2,graph,0.5545,Ipse_NetS_Degr
RSIF,COX2,graph,0.4018,Ipse_NetS_Degr
RSIF,COX2,graph,0.5364,Ipse_NetS_Degr
RSIF,COX2,graph,0.5509,Ipse_NetS_Degr
RSIF,COX2,graph,0.6218,Ipse_NetS_Degr
RSIF,COX2,graph,0.68,Ipse_NetS_Degr
RSIF,COX2,graph,0.4982,Ipse_NetS_Degr
RSIF,COX2,graph,0.6364,Ipse_NetS_Degr
RSIF,COX2,graph,0.4182,Ipse_NetS_Degr
RSIF,COX2,graph,0.5109,Ipse_NetS_NetL
RSIF,COX2,graph,0.6055,Ipse_NetS_NetL
RSIF,COX2,graph,0.5273,Ipse_NetS_NetL
RSIF,COX2,graph,0.5836,Ipse_NetS_NetL
RSIF,COX2,graph,0.4509,Ipse_NetS_NetL
RSIF,COX2,graph,0.4636,Ipse_NetS_NetL
RSIF,COX2,graph,0.6418,Ipse_NetS_NetL
RSIF,COX2,graph,0.5218,Ipse_NetS_NetL
RSIF,COX2,graph,0.5809,Ipse_NetS_NetL
RSIF,COX2,graph,0.4136,Ipse_NetS_NetL
RSIF,COX2,graph,0.5782,Ipse_NetS_Nume
RSIF,COX2,graph,0.5455,Ipse_NetS_Nume
RSIF,COX2,graph,0.5127,Ipse_NetS_Nume
RSIF,COX2,graph,0.5727,Ipse_NetS_Nume
RSIF,COX2,graph,0.4636,Ipse_NetS_Nume
RSIF,COX2,graph,0.4782,Ipse_NetS_Nume
RSIF,COX2,graph,0.6382,Ipse_NetS_Nume
RSIF,COX2,graph,0.5291,Ipse_NetS_Nume
RSIF,COX2,graph,0.5545,Ipse_NetS_Nume
RSIF,COX2,graph,0.3545,Ipse_NetS_Nume
RSIF,COX2,graph,0.3873,Ipse_NetS
RSIF,COX2,graph,0.5255,Ipse_NetS
RSIF,COX2,graph,0.4691,Ipse_NetS
RSIF,COX2,graph,0.5982,Ipse_NetS
RSIF,COX2,graph,0.4291,Ipse_NetS
RSIF,COX2,graph,0.5291,Ipse_NetS
RSIF,COX2,graph,0.6,Ipse_NetS
RSIF,COX2,graph,0.3473,Ipse_NetS
RSIF,COX2,graph,0.5709,Ipse_NetS
RSIF,COX2,graph,0.4255,Ipse_NetS
RSIF,COX2,graph,0.5164,Ipse_Degr_NetL
RSIF,COX2,graph,0.4727,Ipse_Degr_NetL
RSIF,COX2,graph,0.4473,Ipse_Degr_NetL
RSIF,COX2,graph,0.5927,Ipse_Degr_NetL
RSIF,COX2,graph,0.58,Ipse_Degr_NetL
RSIF,COX2,graph,0.5509,Ipse_Degr_NetL
RSIF,COX2,graph,0.6891,Ipse_Degr_NetL
RSIF,COX2,graph,0.5582,Ipse_Degr_NetL
RSIF,COX2,graph,0.6091,Ipse_Degr_NetL
RSIF,COX2,graph,0.4127,Ipse_Degr_NetL
RSIF,COX2,graph,0.5327,Ipse_Degr_Nume
RSIF,COX2,graph,0.4473,Ipse_Degr_Nume
RSIF,COX2,graph,0.5091,Ipse_Degr_Nume
RSIF,COX2,graph,0.5818,Ipse_Degr_Nume
RSIF,COX2,graph,0.5636,Ipse_Degr_Nume
RSIF,COX2,graph,0.5582,Ipse_Degr_Nume
RSIF,COX2,graph,0.72,Ipse_Degr_Nume
RSIF,COX2,graph,0.5873,Ipse_Degr_Nume
RSIF,COX2,graph,0.6145,Ipse_Degr_Nume
RSIF,COX2,graph,0.4273,Ipse_Degr_Nume
RSIF,COX2,graph,0.4855,Ipse_Degr
RSIF,COX2,graph,0.4164,Ipse_Degr
RSIF,COX2,graph,0.4655,Ipse_Degr
RSIF,COX2,graph,0.6255,Ipse_Degr
RSIF,COX2,graph,0.6218,Ipse_Degr
RSIF,COX2,graph,0.6109,Ipse_Degr
RSIF,COX2,graph,0.7182,Ipse_Degr
RSIF,COX2,graph,0.54,Ipse_Degr
RSIF,COX2,graph,0.6291,Ipse_Degr
RSIF,COX2,graph,0.5091,Ipse_Degr
RSIF,COX2,graph,0.6382,Ipse_NetL_Nume
RSIF,COX2,graph,0.5545,Ipse_NetL_Nume
RSIF,COX2,graph,0.6145,Ipse_NetL_Nume
RSIF,COX2,graph,0.6364,Ipse_NetL_Nume
RSIF,COX2,graph,0.5273,Ipse_NetL_Nume
RSIF,COX2,graph,0.4236,Ipse_NetL_Nume
RSIF,COX2,graph,0.6582,Ipse_NetL_Nume
RSIF,COX2,graph,0.66,Ipse_NetL_Nume
RSIF,COX2,graph,0.6236,Ipse_NetL_Nume
RSIF,COX2,graph,0.4891,Ipse_NetL_Nume
RSIF,COX2,graph,0.6291,Ipse_NetL
RSIF,COX2,graph,0.5236,Ipse_NetL
RSIF,COX2,graph,0.5382,Ipse_NetL
RSIF,COX2,graph,0.6291,Ipse_NetL
RSIF,COX2,graph,0.5636,Ipse_NetL
RSIF,COX2,graph,0.4109,Ipse_NetL
RSIF,COX2,graph,0.6273,Ipse_NetL
RSIF,COX2,graph,0.6509,Ipse_NetL
RSIF,COX2,graph,0.5082,Ipse_NetL
RSIF,COX2,graph,0.3836,Ipse_NetL
RSIF,COX2,graph,0.5709,Ipse_Nume
RSIF,COX2,graph,0.5218,Ipse_Nume
RSIF,COX2,graph,0.5891,Ipse_Nume
RSIF,COX2,graph,0.6382,Ipse_Nume
RSIF,COX2,graph,0.5764,Ipse_Nume
RSIF,COX2,graph,0.4691,Ipse_Nume
RSIF,COX2,graph,0.6782,Ipse_Nume
RSIF,COX2,graph,0.6364,Ipse_Nume
RSIF,COX2,graph,0.6109,Ipse_Nume
RSIF,COX2,graph,0.4109,Ipse_Nume
RSIF,COX2,graph,0.5236,Ipse
RSIF,COX2,graph,0.3618,Ipse
RSIF,COX2,graph,0.4218,Ipse
RSIF,COX2,graph,0.6109,Ipse
RSIF,COX2,graph,0.4636,Ipse
RSIF,COX2,graph,0.5036,Ipse
RSIF,COX2,graph,0.7182,Ipse
RSIF,COX2,graph,0.4545,Ipse
RSIF,COX2,graph,0.4327,Ipse
RSIF,COX2,graph,0.4836,Ipse
RSIF,COX2,graph,0.4873,Port_BagO_NetS
RSIF,COX2,graph,0.5327,Port_BagO_NetS
RSIF,COX2,graph,0.5055,Port_BagO_NetS
RSIF,COX2,graph,0.4136,Port_BagO_NetS
RSIF,COX2,graph,0.4782,Port_BagO_NetS
RSIF,COX2,graph,0.4145,Port_BagO_NetS
RSIF,COX2,graph,0.6327,Port_BagO_NetS
RSIF,COX2,graph,0.4164,Port_BagO_NetS
RSIF,COX2,graph,0.5236,Port_BagO_NetS
RSIF,COX2,graph,0.5164,Port_BagO_NetS
RSIF,COX2,graph,0.48,Port_BagO_Degr
RSIF,COX2,graph,0.3318,Port_BagO_Degr
RSIF,COX2,graph,0.5545,Port_BagO_Degr
RSIF,COX2,graph,0.56,Port_BagO_Degr
RSIF,COX2,graph,0.5873,Port_BagO_Degr
RSIF,COX2,graph,0.7255,Port_BagO_Degr
RSIF,COX2,graph,0.7182,Port_BagO_Degr
RSIF,COX2,graph,0.5,Port_BagO_Degr
RSIF,COX2,graph,0.6691,Port_BagO_Degr
RSIF,COX2,graph,0.6218,Port_BagO_Degr
RSIF,COX2,graph,0.6509,Port_BagO_NetL
RSIF,COX2,graph,0.5218,Port_BagO_NetL
RSIF,COX2,graph,0.66,Port_BagO_NetL
RSIF,COX2,graph,0.6218,Port_BagO_NetL
RSIF,COX2,graph,0.4727,Port_BagO_NetL
RSIF,COX2,graph,0.4345,Port_BagO_NetL
RSIF,COX2,graph,0.6782,Port_BagO_NetL
RSIF,COX2,graph,0.5855,Port_BagO_NetL
RSIF,COX2,graph,0.7218,Port_BagO_NetL
RSIF,COX2,graph,0.5891,Port_BagO_NetL
RSIF,COX2,graph,0.6364,Port_BagO_Nume
RSIF,COX2,graph,0.4873,Port_BagO_Nume
RSIF,COX2,graph,0.7309,Port_BagO_Nume
RSIF,COX2,graph,0.7,Port_BagO_Nume
RSIF,COX2,graph,0.5927,Port_BagO_Nume
RSIF,COX2,graph,0.5018,Port_BagO_Nume
RSIF,COX2,graph,0.7073,Port_BagO_Nume
RSIF,COX2,graph,0.62,Port_BagO_Nume
RSIF,COX2,graph,0.6582,Port_BagO_Nume
RSIF,COX2,graph,0.4718,Port_BagO_Nume
RSIF,COX2,graph,0.4782,Port_BagO
RSIF,COX2,graph,0.41,Port_BagO
RSIF,COX2,graph,0.5255,Port_BagO
RSIF,COX2,graph,0.5945,Port_BagO
RSIF,COX2,graph,0.3655,Port_BagO
RSIF,COX2,graph,0.5964,Port_BagO
RSIF,COX2,graph,0.5909,Port_BagO
RSIF,COX2,graph,0.4745,Port_BagO
RSIF,COX2,graph,0.6745,Port_BagO
RSIF,COX2,graph,0.68,Port_BagO
RSIF,COX2,graph,0.4855,Port_NetS_Degr
RSIF,COX2,graph,0.4318,Port_NetS_Degr
RSIF,COX2,graph,0.5091,Port_NetS_Degr
RSIF,COX2,graph,0.6045,Port_NetS_Degr
RSIF,COX2,graph,0.5645,Port_NetS_Degr
RSIF,COX2,graph,0.6382,Port_NetS_Degr
RSIF,COX2,graph,0.7318,Port_NetS_Degr
RSIF,COX2,graph,0.4564,Port_NetS_Degr
RSIF,COX2,graph,0.6809,Port_NetS_Degr
RSIF,COX2,graph,0.5364,Port_NetS_Degr
RSIF,COX2,graph,0.5509,Port_NetS_NetL
RSIF,COX2,graph,0.59,Port_NetS_NetL
RSIF,COX2,graph,0.64,Port_NetS_NetL
RSIF,COX2,graph,0.6264,Port_NetS_NetL
RSIF,COX2,graph,0.4336,Port_NetS_NetL
RSIF,COX2,graph,0.5836,Port_NetS_NetL
RSIF,COX2,graph,0.5955,Port_NetS_NetL
RSIF,COX2,graph,0.44,Port_NetS_NetL
RSIF,COX2,graph,0.6355,Port_NetS_NetL
RSIF,COX2,graph,0.4818,Port_NetS_NetL
RSIF,COX2,graph,0.6291,Port_NetS_Nume
RSIF,COX2,graph,0.6136,Port_NetS_Nume
RSIF,COX2,graph,0.5273,Port_NetS_Nume
RSIF,COX2,graph,0.6464,Port_NetS_Nume
RSIF,COX2,graph,0.49,Port_NetS_Nume
RSIF,COX2,graph,0.52,Port_NetS_Nume
RSIF,COX2,graph,0.55,Port_NetS_Nume
RSIF,COX2,graph,0.4927,Port_NetS_Nume
RSIF,COX2,graph,0.5518,Port_NetS_Nume
RSIF,COX2,graph,0.4691,Port_NetS_Nume
RSIF,COX2,graph,0.56,Port_NetS
RSIF,COX2,graph,0.6155,Port_NetS
RSIF,COX2,graph,0.5655,Port_NetS
RSIF,COX2,graph,0.6045,Port_NetS
RSIF,COX2,graph,0.3809,Port_NetS
RSIF,COX2,graph,0.5982,Port_NetS
RSIF,COX2,graph,0.6064,Port_NetS
RSIF,COX2,graph,0.4055,Port_NetS
RSIF,COX2,graph,0.5682,Port_NetS
RSIF,COX2,graph,0.5664,Port_NetS
RSIF,COX2,graph,0.5782,Port_Degr_NetL
RSIF,COX2,graph,0.4573,Port_Degr_NetL
RSIF,COX2,graph,0.5418,Port_Degr_NetL
RSIF,COX2,graph,0.6191,Port_Degr_NetL
RSIF,COX2,graph,0.55,Port_Degr_NetL
RSIF,COX2,graph,0.5364,Port_Degr_NetL
RSIF,COX2,graph,0.6936,Port_Degr_NetL
RSIF,COX2,graph,0.5418,Port_Degr_NetL
RSIF,COX2,graph,0.6791,Port_Degr_NetL
RSIF,COX2,graph,0.5655,Port_Degr_NetL
RSIF,COX2,graph,0.6473,Port_Degr_Nume
RSIF,COX2,graph,0.5009,Port_Degr_Nume
RSIF,COX2,graph,0.5182,Port_Degr_Nume
RSIF,COX2,graph,0.6864,Port_Degr_Nume
RSIF,COX2,graph,0.5027,Port_Degr_Nume
RSIF,COX2,graph,0.5164,Port_Degr_Nume
RSIF,COX2,graph,0.69,Port_Degr_Nume
RSIF,COX2,graph,0.58,Port_Degr_Nume
RSIF,COX2,graph,0.6373,Port_Degr_Nume
RSIF,COX2,graph,0.5036,Port_Degr_Nume
RSIF,COX2,graph,0.5164,Port_Degr
RSIF,COX2,graph,0.4827,Port_Degr
RSIF,COX2,graph,0.5182,Port_Degr
RSIF,COX2,graph,0.6191,Port_Degr
RSIF,COX2,graph,0.6336,Port_Degr
RSIF,COX2,graph,0.7327,Port_Degr
RSIF,COX2,graph,0.7118,Port_Degr
RSIF,COX2,graph,0.4945,Port_Degr
RSIF,COX2,graph,0.6682,Port_Degr
RSIF,COX2,graph,0.5782,Port_Degr
RSIF,COX2,graph,0.7436,Port_NetL_Nume
RSIF,COX2,graph,0.5445,Port_NetL_Nume
RSIF,COX2,graph,0.6945,Port_NetL_Nume
RSIF,COX2,graph,0.7464,Port_NetL_Nume
RSIF,COX2,graph,0.5155,Port_NetL_Nume
RSIF,COX2,graph,0.5418,Port_NetL_Nume
RSIF,COX2,graph,0.5373,Port_NetL_Nume
RSIF,COX2,graph,0.5745,Port_NetL_Nume
RSIF,COX2,graph,0.6173,Port_NetL_Nume
RSIF,COX2,graph,0.5055,Port_NetL_Nume
RSIF,COX2,graph,0.6745,Port_NetL
RSIF,COX2,graph,0.5482,Port_NetL
RSIF,COX2,graph,0.7473,Port_NetL
RSIF,COX2,graph,0.6809,Port_NetL
RSIF,COX2,graph,0.4355,Port_NetL
RSIF,COX2,graph,0.56,Port_NetL
RSIF,COX2,graph,0.6536,Port_NetL
RSIF,COX2,graph,0.5945,Port_NetL
RSIF,COX2,graph,0.6973,Port_NetL
RSIF,COX2,graph,0.5709,Port_NetL
RSIF,COX2,graph,0.7182,Port_Nume
RSIF,COX2,graph,0.5718,Port_Nume
RSIF,COX2,graph,0.6327,Port_Nume
RSIF,COX2,graph,0.73,Port_Nume
RSIF,COX2,graph,0.4445,Port_Nume
RSIF,COX2,graph,0.5782,Port_Nume
RSIF,COX2,graph,0.51,Port_Nume
RSIF,COX2,graph,0.5473,Port_Nume
RSIF,COX2,graph,0.6682,Port_Nume
RSIF,COX2,graph,0.5509,Port_Nume
RSIF,COX2,graph,0.6164,Port
RSIF,COX2,graph,0.5282,Port
RSIF,COX2,graph,0.5636,Port
RSIF,COX2,graph,0.5718,Port
RSIF,COX2,graph,0.4718,Port
RSIF,COX2,graph,0.5891,Port
RSIF,COX2,graph,0.55,Port
RSIF,COX2,graph,0.3945,Port
RSIF,COX2,graph,0.6318,Port
RSIF,COX2,graph,0.6218,Port
RSIF,COX2,graph,0.5182,BagO_NetS_Degr
RSIF,COX2,graph,0.4782,BagO_NetS_Degr
RSIF,COX2,graph,0.5436,BagO_NetS_Degr
RSIF,COX2,graph,0.5818,BagO_NetS_Degr
RSIF,COX2,graph,0.5345,BagO_NetS_Degr
RSIF,COX2,graph,0.6309,BagO_NetS_Degr
RSIF,COX2,graph,0.6627,BagO_NetS_Degr
RSIF,COX2,graph,0.4655,BagO_NetS_Degr
RSIF,COX2,graph,0.6327,BagO_NetS_Degr
RSIF,COX2,graph,0.4445,BagO_NetS_Degr
RSIF,COX2,graph,0.5591,BagO_NetS_NetL
RSIF,COX2,graph,0.56,BagO_NetS_NetL
RSIF,COX2,graph,0.62,BagO_NetS_NetL
RSIF,COX2,graph,0.5527,BagO_NetS_NetL
RSIF,COX2,graph,0.4455,BagO_NetS_NetL
RSIF,COX2,graph,0.4891,BagO_NetS_NetL
RSIF,COX2,graph,0.6773,BagO_NetS_NetL
RSIF,COX2,graph,0.5418,BagO_NetS_NetL
RSIF,COX2,graph,0.6636,BagO_NetS_NetL
RSIF,COX2,graph,0.5964,BagO_NetS_NetL
RSIF,COX2,graph,0.4818,BagO_NetS_Nume
RSIF,COX2,graph,0.5545,BagO_NetS_Nume
RSIF,COX2,graph,0.5418,BagO_NetS_Nume
RSIF,COX2,graph,0.5818,BagO_NetS_Nume
RSIF,COX2,graph,0.5091,BagO_NetS_Nume
RSIF,COX2,graph,0.5,BagO_NetS_Nume
RSIF,COX2,graph,0.69,BagO_NetS_Nume
RSIF,COX2,graph,0.5873,BagO_NetS_Nume
RSIF,COX2,graph,0.6364,BagO_NetS_Nume
RSIF,COX2,graph,0.47,BagO_NetS_Nume
RSIF,COX2,graph,0.5173,BagO_NetS
RSIF,COX2,graph,0.5473,BagO_NetS
RSIF,COX2,graph,0.5673,BagO_NetS
RSIF,COX2,graph,0.5709,BagO_NetS
RSIF,COX2,graph,0.4164,BagO_NetS
RSIF,COX2,graph,0.5182,BagO_NetS
RSIF,COX2,graph,0.6264,BagO_NetS
RSIF,COX2,graph,0.3618,BagO_NetS
RSIF,COX2,graph,0.6545,BagO_NetS
RSIF,COX2,graph,0.4264,BagO_NetS
RSIF,COX2,graph,0.5782,BagO_Degr_NetL
RSIF,COX2,graph,0.4609,BagO_Degr_NetL
RSIF,COX2,graph,0.5091,BagO_Degr_NetL
RSIF,COX2,graph,0.65,BagO_Degr_NetL
RSIF,COX2,graph,0.6291,BagO_Degr_NetL
RSIF,COX2,graph,0.6036,BagO_Degr_NetL
RSIF,COX2,graph,0.7391,BagO_Degr_NetL
RSIF,COX2,graph,0.64,BagO_Degr_NetL
RSIF,COX2,graph,0.7073,BagO_Degr_NetL
RSIF,COX2,graph,0.5745,BagO_Degr_NetL
RSIF,COX2,graph,0.5727,BagO_Degr_Nume
RSIF,COX2,graph,0.3918,BagO_Degr_Nume
RSIF,COX2,graph,0.5927,BagO_Degr_Nume
RSIF,COX2,graph,0.7127,BagO_Degr_Nume
RSIF,COX2,graph,0.6455,BagO_Degr_Nume
RSIF,COX2,graph,0.5982,BagO_Degr_Nume
RSIF,COX2,graph,0.7345,BagO_Degr_Nume
RSIF,COX2,graph,0.62,BagO_Degr_Nume
RSIF,COX2,graph,0.7236,BagO_Degr_Nume
RSIF,COX2,graph,0.5091,BagO_Degr_Nume
RSIF,COX2,graph,0.5036,BagO_Degr
RSIF,COX2,graph,0.3536,BagO_Degr
RSIF,COX2,graph,0.4973,BagO_Degr
RSIF,COX2,graph,0.6182,BagO_Degr
RSIF,COX2,graph,0.6891,BagO_Degr
RSIF,COX2,graph,0.6491,BagO_Degr
RSIF,COX2,graph,0.73,BagO_Degr
RSIF,COX2,graph,0.5455,BagO_Degr
RSIF,COX2,graph,0.6673,BagO_Degr
RSIF,COX2,graph,0.5709,BagO_Degr
RSIF,COX2,graph,0.7673,BagO_NetL_Nume
RSIF,COX2,graph,0.6009,BagO_NetL_Nume
RSIF,COX2,graph,0.6964,BagO_NetL_Nume
RSIF,COX2,graph,0.6518,BagO_NetL_Nume
RSIF,COX2,graph,0.5582,BagO_NetL_Nume
RSIF,COX2,graph,0.4036,BagO_NetL_Nume
RSIF,COX2,graph,0.6545,BagO_NetL_Nume
RSIF,COX2,graph,0.6891,BagO_NetL_Nume
RSIF,COX2,graph,0.8091,BagO_NetL_Nume
RSIF,COX2,graph,0.5973,BagO_NetL_Nume
RSIF,COX2,graph,0.7255,BagO_NetL
RSIF,COX2,graph,0.6164,BagO_NetL
RSIF,COX2,graph,0.7455,BagO_NetL
RSIF,COX2,graph,0.6391,BagO_NetL
RSIF,COX2,graph,0.6145,BagO_NetL
RSIF,COX2,graph,0.4164,BagO_NetL
RSIF,COX2,graph,0.65,BagO_NetL
RSIF,COX2,graph,0.6818,BagO_NetL
RSIF,COX2,graph,0.7873,BagO_NetL
RSIF,COX2,graph,0.6027,BagO_NetL
RSIF,COX2,graph,0.72,BagO_Nume
RSIF,COX2,graph,0.5582,BagO_Nume
RSIF,COX2,graph,0.7164,BagO_Nume
RSIF,COX2,graph,0.6891,BagO_Nume
RSIF,COX2,graph,0.5436,BagO_Nume
RSIF,COX2,graph,0.4309,BagO_Nume
RSIF,COX2,graph,0.6309,BagO_Nume
RSIF,COX2,graph,0.6891,BagO_Nume
RSIF,COX2,graph,0.8055,BagO_Nume
RSIF,COX2,graph,0.4845,BagO_Nume
RSIF,COX2,graph,0.66,BagO
RSIF,COX2,graph,0.5482,BagO
RSIF,COX2,graph,0.7027,BagO
RSIF,COX2,graph,0.5627,BagO
RSIF,COX2,graph,0.5809,BagO
RSIF,COX2,graph,0.6618,BagO
RSIF,COX2,graph,0.7982,BagO
RSIF,COX2,graph,0.3991,BagO
RSIF,COX2,graph,0.7727,BagO
RSIF,COX2,graph,0.6764,BagO
RSIF,COX2,graph,0.5264,NetS_Degr_NetL
RSIF,COX2,graph,0.5173,NetS_Degr_NetL
RSIF,COX2,graph,0.5091,NetS_Degr_NetL
RSIF,COX2,graph,0.5918,NetS_Degr_NetL
RSIF,COX2,graph,0.5064,NetS_Degr_NetL
RSIF,COX2,graph,0.5409,NetS_Degr_NetL
RSIF,COX2,graph,0.6355,NetS_Degr_NetL
RSIF,COX2,graph,0.5318,NetS_Degr_NetL
RSIF,COX2,graph,0.6591,NetS_Degr_NetL
RSIF,COX2,graph,0.4673,NetS_Degr_NetL
RSIF,COX2,graph,0.5164,NetS_Degr_Nume
RSIF,COX2,graph,0.5245,NetS_Degr_Nume
RSIF,COX2,graph,0.4764,NetS_Degr_Nume
RSIF,COX2,graph,0.5991,NetS_Degr_Nume
RSIF,COX2,graph,0.5282,NetS_Degr_Nume
RSIF,COX2,graph,0.5582,NetS_Degr_Nume
RSIF,COX2,graph,0.6573,NetS_Degr_Nume
RSIF,COX2,graph,0.5618,NetS_Degr_Nume
RSIF,COX2,graph,0.6264,NetS_Degr_Nume
RSIF,COX2,graph,0.4273,NetS_Degr_Nume
RSIF,COX2,graph,0.5073,NetS_Degr
RSIF,COX2,graph,0.4718,NetS_Degr
RSIF,COX2,graph,0.4927,NetS_Degr
RSIF,COX2,graph,0.5864,NetS_Degr
RSIF,COX2,graph,0.53,NetS_Degr
RSIF,COX2,graph,0.63,NetS_Degr
RSIF,COX2,graph,0.71,NetS_Degr
RSIF,COX2,graph,0.4755,NetS_Degr
RSIF,COX2,graph,0.6718,NetS_Degr
RSIF,COX2,graph,0.5236,NetS_Degr
RSIF,COX2,graph,0.6418,NetS_NetL_Nume
RSIF,COX2,graph,0.5718,NetS_NetL_Nume
RSIF,COX2,graph,0.6436,NetS_NetL_Nume
RSIF,COX2,graph,0.59,NetS_NetL_Nume
RSIF,COX2,graph,0.4591,NetS_NetL_Nume
RSIF,COX2,graph,0.3727,NetS_NetL_Nume
RSIF,COX2,graph,0.6482,NetS_NetL_Nume
RSIF,COX2,graph,0.6109,NetS_NetL_Nume
RSIF,COX2,graph,0.6482,NetS_NetL_Nume
RSIF,COX2,graph,0.4127,NetS_NetL_Nume
RSIF,COX2,graph,0.64,NetS_NetL
RSIF,COX2,graph,0.6318,NetS_NetL
RSIF,COX2,graph,0.5982,NetS_NetL
RSIF,COX2,graph,0.5955,NetS_NetL
RSIF,COX2,graph,0.4518,NetS_NetL
RSIF,COX2,graph,0.5545,NetS_NetL
RSIF,COX2,graph,0.6427,NetS_NetL
RSIF,COX2,graph,0.5445,NetS_NetL
RSIF,COX2,graph,0.5845,NetS_NetL
RSIF,COX2,graph,0.3982,NetS_NetL
RSIF,COX2,graph,0.6273,NetS_Nume
RSIF,COX2,graph,0.5864,NetS_Nume
RSIF,COX2,graph,0.5564,NetS_Nume
RSIF,COX2,graph,0.6064,NetS_Nume
RSIF,COX2,graph,0.4755,NetS_Nume
RSIF,COX2,graph,0.4909,NetS_Nume
RSIF,COX2,graph,0.6373,NetS_Nume
RSIF,COX2,graph,0.5836,NetS_Nume
RSIF,COX2,graph,0.63,NetS_Nume
RSIF,COX2,graph,0.4036,NetS_Nume
RSIF,COX2,graph,0.5827,NetS
RSIF,COX2,graph,0.5827,NetS
RSIF,COX2,graph,0.5745,NetS
RSIF,COX2,graph,0.5827,NetS
RSIF,COX2,graph,0.4282,NetS
RSIF,COX2,graph,0.6482,NetS
RSIF,COX2,graph,0.6336,NetS
RSIF,COX2,graph,0.3555,NetS
RSIF,COX2,graph,0.5464,NetS
RSIF,COX2,graph,0.4855,NetS
RSIF,COX2,graph,0.6309,Degr_NetL_Nume
RSIF,COX2,graph,0.5227,Degr_NetL_Nume
RSIF,COX2,graph,0.5509,Degr_NetL_Nume
RSIF,COX2,graph,0.6518,Degr_NetL_Nume
RSIF,COX2,graph,0.6264,Degr_NetL_Nume
RSIF,COX2,graph,0.5255,Degr_NetL_Nume
RSIF,COX2,graph,0.6773,Degr_NetL_Nume
RSIF,COX2,graph,0.6855,Degr_NetL_Nume
RSIF,COX2,graph,0.69,Degr_NetL_Nume
RSIF,COX2,graph,0.4818,Degr_NetL_Nume
RSIF,COX2,graph,0.5282,Degr_NetL
RSIF,COX2,graph,0.4845,Degr_NetL
RSIF,COX2,graph,0.5291,Degr_NetL
RSIF,COX2,graph,0.6045,Degr_NetL
RSIF,COX2,graph,0.5864,Degr_NetL
RSIF,COX2,graph,0.6045,Degr_NetL
RSIF,COX2,graph,0.7309,Degr_NetL
RSIF,COX2,graph,0.5973,Degr_NetL
RSIF,COX2,graph,0.6855,Degr_NetL
RSIF,COX2,graph,0.4764,Degr_NetL
RSIF,COX2,graph,0.5255,Degr_Nume
RSIF,COX2,graph,0.4536,Degr_Nume
RSIF,COX2,graph,0.5109,Degr_Nume
RSIF,COX2,graph,0.6555,Degr_Nume
RSIF,COX2,graph,0.6009,Degr_Nume
RSIF,COX2,graph,0.6,Degr_Nume
RSIF,COX2,graph,0.7282,Degr_Nume
RSIF,COX2,graph,0.6291,Degr_Nume
RSIF,COX2,graph,0.6391,Degr_Nume
RSIF,COX2,graph,0.4727,Degr_Nume
RSIF,COX2,graph,0.4873,Degr
RSIF,COX2,graph,0.4882,Degr
RSIF,COX2,graph,0.5236,Degr
RSIF,COX2,graph,0.6373,Degr
RSIF,COX2,graph,0.6927,Degr
RSIF,COX2,graph,0.6791,Degr
RSIF,COX2,graph,0.7582,Degr
RSIF,COX2,graph,0.5255,Degr
RSIF,COX2,graph,0.6773,Degr
RSIF,COX2,graph,0.5145,Degr
RSIF,COX2,graph,0.6727,NetL_Nume
RSIF,COX2,graph,0.5609,NetL_Nume
RSIF,COX2,graph,0.6382,NetL_Nume
RSIF,COX2,graph,0.6718,NetL_Nume
RSIF,COX2,graph,0.4955,NetL_Nume
RSIF,COX2,graph,0.6164,NetL_Nume
RSIF,COX2,graph,0.6645,NetL_Nume
RSIF,COX2,graph,0.7455,NetL_Nume
RSIF,COX2,graph,0.7482,NetL_Nume
RSIF,COX2,graph,0.5091,NetL_Nume
RSIF,COX2,graph,0.5745,NetL
RSIF,COX2,graph,0.6573,NetL
RSIF,COX2,graph,0.6255,NetL
RSIF,COX2,graph,0.63,NetL
RSIF,COX2,graph,0.4918,NetL
RSIF,COX2,graph,0.5327,NetL
RSIF,COX2,graph,0.6627,NetL
RSIF,COX2,graph,0.6055,NetL
RSIF,COX2,graph,0.6464,NetL
RSIF,COX2,graph,0.4073,NetL
RSIF,COX2,graph,0.7036,Nume
RSIF,COX2,graph,0.5518,Nume
RSIF,COX2,graph,0.5691,Nume
RSIF,COX2,graph,0.73,Nume
RSIF,COX2,graph,0.5409,Nume
RSIF,COX2,graph,0.4509,Nume
RSIF,COX2,graph,0.6245,Nume
RSIF,COX2,graph,0.6636,Nume
RSIF,COX2,graph,0.7227,Nume
RSIF,COX2,graph,0.3855,Nume
RSIF,BZR,graph,0.4958,Ipse_Port_BagO
RSIF,BZR,graph,0.4792,Ipse_Port_BagO
RSIF,BZR,graph,0.5667,Ipse_Port_BagO
RSIF,BZR,graph,0.8083,Ipse_Port_BagO
RSIF,BZR,graph,0.3958,Ipse_Port_BagO
RSIF,BZR,graph,0.6146,Ipse_Port_BagO
RSIF,BZR,graph,0.6854,Ipse_Port_BagO
RSIF,BZR,graph,0.6979,Ipse_Port_BagO
RSIF,BZR,graph,0.5229,Ipse_Port_BagO
RSIF,BZR,graph,0.3958,Ipse_Port_BagO
RSIF,BZR,graph,0.6458,Ipse_Port_NetS
RSIF,BZR,graph,0.6438,Ipse_Port_NetS
RSIF,BZR,graph,0.6771,Ipse_Port_NetS
RSIF,BZR,graph,0.8521,Ipse_Port_NetS
RSIF,BZR,graph,0.6479,Ipse_Port_NetS
RSIF,BZR,graph,0.7292,Ipse_Port_NetS
RSIF,BZR,graph,0.6708,Ipse_Port_NetS
RSIF,BZR,graph,0.8438,Ipse_Port_NetS
RSIF,BZR,graph,0.625,Ipse_Port_NetS
RSIF,BZR,graph,0.675,Ipse_Port_NetS
RSIF,BZR,graph,0.8104,Ipse_Port_Degr
RSIF,BZR,graph,0.7313,Ipse_Port_Degr
RSIF,BZR,graph,0.7104,Ipse_Port_Degr
RSIF,BZR,graph,0.9062,Ipse_Port_Degr
RSIF,BZR,graph,0.7792,Ipse_Port_Degr
RSIF,BZR,graph,0.8854,Ipse_Port_Degr
RSIF,BZR,graph,0.8562,Ipse_Port_Degr
RSIF,BZR,graph,0.9042,Ipse_Port_Degr
RSIF,BZR,graph,0.6833,Ipse_Port_Degr
RSIF,BZR,graph,0.7542,Ipse_Port_Degr
RSIF,BZR,graph,0.6146,Ipse_Port_NetL
RSIF,BZR,graph,0.6521,Ipse_Port_NetL
RSIF,BZR,graph,0.6063,Ipse_Port_NetL
RSIF,BZR,graph,0.9313,Ipse_Port_NetL
RSIF,BZR,graph,0.6312,Ipse_Port_NetL
RSIF,BZR,graph,0.8,Ipse_Port_NetL
RSIF,BZR,graph,0.7583,Ipse_Port_NetL
RSIF,BZR,graph,0.8083,Ipse_Port_NetL
RSIF,BZR,graph,0.5542,Ipse_Port_NetL
RSIF,BZR,graph,0.4583,Ipse_Port_NetL
RSIF,BZR,graph,0.5875,Ipse_Port_Nume
RSIF,BZR,graph,0.5833,Ipse_Port_Nume
RSIF,BZR,graph,0.6875,Ipse_Port_Nume
RSIF,BZR,graph,0.8958,Ipse_Port_Nume
RSIF,BZR,graph,0.6854,Ipse_Port_Nume
RSIF,BZR,graph,0.8104,Ipse_Port_Nume
RSIF,BZR,graph,0.8125,Ipse_Port_Nume
RSIF,BZR,graph,0.8562,Ipse_Port_Nume
RSIF,BZR,graph,0.6188,Ipse_Port_Nume
RSIF,BZR,graph,0.5479,Ipse_Port_Nume
RSIF,BZR,graph,0.5458,Ipse_Port
RSIF,BZR,graph,0.5521,Ipse_Port
RSIF,BZR,graph,0.6396,Ipse_Port
RSIF,BZR,graph,0.775,Ipse_Port
RSIF,BZR,graph,0.6333,Ipse_Port
RSIF,BZR,graph,0.775,Ipse_Port
RSIF,BZR,graph,0.6458,Ipse_Port
RSIF,BZR,graph,0.6854,Ipse_Port
RSIF,BZR,graph,0.5562,Ipse_Port
RSIF,BZR,graph,0.5458,Ipse_Port
RSIF,BZR,graph,0.6708,Ipse_BagO_NetS
RSIF,BZR,graph,0.6479,Ipse_BagO_NetS
RSIF,BZR,graph,0.4594,Ipse_BagO_NetS
RSIF,BZR,graph,0.7562,Ipse_BagO_NetS
RSIF,BZR,graph,0.4521,Ipse_BagO_NetS
RSIF,BZR,graph,0.6208,Ipse_BagO_NetS
RSIF,BZR,graph,0.5792,Ipse_BagO_NetS
RSIF,BZR,graph,0.5562,Ipse_BagO_NetS
RSIF,BZR,graph,0.6604,Ipse_BagO_NetS
RSIF,BZR,graph,0.575,Ipse_BagO_NetS
RSIF,BZR,graph,0.6583,Ipse_BagO_Degr
RSIF,BZR,graph,0.7333,Ipse_BagO_Degr
RSIF,BZR,graph,0.6812,Ipse_BagO_Degr
RSIF,BZR,graph,0.6583,Ipse_BagO_Degr
RSIF,BZR,graph,0.3917,Ipse_BagO_Degr
RSIF,BZR,graph,0.6354,Ipse_BagO_Degr
RSIF,BZR,graph,0.7521,Ipse_BagO_Degr
RSIF,BZR,graph,0.7573,Ipse_BagO_Degr
RSIF,BZR,graph,0.7646,Ipse_BagO_Degr
RSIF,BZR,graph,0.5812,Ipse_BagO_Degr
RSIF,BZR,graph,0.5208,Ipse_BagO_NetL
RSIF,BZR,graph,0.5938,Ipse_BagO_NetL
RSIF,BZR,graph,0.6104,Ipse_BagO_NetL
RSIF,BZR,graph,0.7917,Ipse_BagO_NetL
RSIF,BZR,graph,0.5979,Ipse_BagO_NetL
RSIF,BZR,graph,0.6896,Ipse_BagO_NetL
RSIF,BZR,graph,0.6729,Ipse_BagO_NetL
RSIF,BZR,graph,0.8562,Ipse_BagO_NetL
RSIF,BZR,graph,0.7,Ipse_BagO_NetL
RSIF,BZR,graph,0.4438,Ipse_BagO_NetL
RSIF,BZR,graph,0.4833,Ipse_BagO_Nume
RSIF,BZR,graph,0.6479,Ipse_BagO_Nume
RSIF,BZR,graph,0.6292,Ipse_BagO_Nume
RSIF,BZR,graph,0.8938,Ipse_BagO_Nume
RSIF,BZR,graph,0.6229,Ipse_BagO_Nume
RSIF,BZR,graph,0.7312,Ipse_BagO_Nume
RSIF,BZR,graph,0.7125,Ipse_BagO_Nume
RSIF,BZR,graph,0.6375,Ipse_BagO_Nume
RSIF,BZR,graph,0.5896,Ipse_BagO_Nume
RSIF,BZR,graph,0.5156,Ipse_BagO_Nume
RSIF,BZR,graph,0.4771,Ipse_BagO
RSIF,BZR,graph,0.5083,Ipse_BagO
RSIF,BZR,graph,0.5125,Ipse_BagO
RSIF,BZR,graph,0.4865,Ipse_BagO
RSIF,BZR,graph,0.5,Ipse_BagO
RSIF,BZR,graph,0.8333,Ipse_BagO
RSIF,BZR,graph,0.6833,Ipse_BagO
RSIF,BZR,graph,0.7312,Ipse_BagO
RSIF,BZR,graph,0.5375,Ipse_BagO
RSIF,BZR,graph,0.525,Ipse_BagO
RSIF,BZR,graph,0.8188,Ipse_NetS_Degr
RSIF,BZR,graph,0.6729,Ipse_NetS_Degr
RSIF,BZR,graph,0.7042,Ipse_NetS_Degr
RSIF,BZR,graph,0.7354,Ipse_NetS_Degr
RSIF,BZR,graph,0.7208,Ipse_NetS_Degr
RSIF,BZR,graph,0.7479,Ipse_NetS_Degr
RSIF,BZR,graph,0.8625,Ipse_NetS_Degr
RSIF,BZR,graph,0.7875,Ipse_NetS_Degr
RSIF,BZR,graph,0.7583,Ipse_NetS_Degr
RSIF,BZR,graph,0.7625,Ipse_NetS_Degr
RSIF,BZR,graph,0.6875,Ipse_NetS_NetL
RSIF,BZR,graph,0.6188,Ipse_NetS_NetL
RSIF,BZR,graph,0.7188,Ipse_NetS_NetL
RSIF,BZR,graph,0.8625,Ipse_NetS_NetL
RSIF,BZR,graph,0.7208,Ipse_NetS_NetL
RSIF,BZR,graph,0.7833,Ipse_NetS_NetL
RSIF,BZR,graph,0.825,Ipse_NetS_NetL
RSIF,BZR,graph,0.8646,Ipse_NetS_NetL
RSIF,BZR,graph,0.6083,Ipse_NetS_NetL
RSIF,BZR,graph,0.575,Ipse_NetS_NetL
RSIF,BZR,graph,0.7896,Ipse_NetS_Nume
RSIF,BZR,graph,0.6354,Ipse_NetS_Nume
RSIF,BZR,graph,0.7062,Ipse_NetS_Nume
RSIF,BZR,graph,0.9542,Ipse_NetS_Nume
RSIF,BZR,graph,0.7229,Ipse_NetS_Nume
RSIF,BZR,graph,0.8562,Ipse_NetS_Nume
RSIF,BZR,graph,0.8604,Ipse_NetS_Nume
RSIF,BZR,graph,0.7792,Ipse_NetS_Nume
RSIF,BZR,graph,0.6938,Ipse_NetS_Nume
RSIF,BZR,graph,0.6396,Ipse_NetS_Nume
RSIF,BZR,graph,0.6146,Ipse_NetS
RSIF,BZR,graph,0.5562,Ipse_NetS
RSIF,BZR,graph,0.5938,Ipse_NetS
RSIF,BZR,graph,0.8583,Ipse_NetS
RSIF,BZR,graph,0.7979,Ipse_NetS
RSIF,BZR,graph,0.8104,Ipse_NetS
RSIF,BZR,graph,0.6979,Ipse_NetS
RSIF,BZR,graph,0.6688,Ipse_NetS
RSIF,BZR,graph,0.6562,Ipse_NetS
RSIF,BZR,graph,0.6958,Ipse_NetS
RSIF,BZR,graph,0.8,Ipse_Degr_NetL
RSIF,BZR,graph,0.725,Ipse_Degr_NetL
RSIF,BZR,graph,0.7938,Ipse_Degr_NetL
RSIF,BZR,graph,0.9333,Ipse_Degr_NetL
RSIF,BZR,graph,0.7583,Ipse_Degr_NetL
RSIF,BZR,graph,0.8833,Ipse_Degr_NetL
RSIF,BZR,graph,0.875,Ipse_Degr_NetL
RSIF,BZR,graph,0.8292,Ipse_Degr_NetL
RSIF,BZR,graph,0.75,Ipse_Degr_NetL
RSIF,BZR,graph,0.7021,Ipse_Degr_NetL
RSIF,BZR,graph,0.8396,Ipse_Degr_Nume
RSIF,BZR,graph,0.8167,Ipse_Degr_Nume
RSIF,BZR,graph,0.7854,Ipse_Degr_Nume
RSIF,BZR,graph,0.9042,Ipse_Degr_Nume
RSIF,BZR,graph,0.7917,Ipse_Degr_Nume
RSIF,BZR,graph,0.9229,Ipse_Degr_Nume
RSIF,BZR,graph,0.8667,Ipse_Degr_Nume
RSIF,BZR,graph,0.8854,Ipse_Degr_Nume
RSIF,BZR,graph,0.7938,Ipse_Degr_Nume
RSIF,BZR,graph,0.7604,Ipse_Degr_Nume
RSIF,BZR,graph,0.8312,Ipse_Degr
RSIF,BZR,graph,0.775,Ipse_Degr
RSIF,BZR,graph,0.6854,Ipse_Degr
RSIF,BZR,graph,0.775,Ipse_Degr
RSIF,BZR,graph,0.7667,Ipse_Degr
RSIF,BZR,graph,0.8438,Ipse_Degr
RSIF,BZR,graph,0.8833,Ipse_Degr
RSIF,BZR,graph,0.8604,Ipse_Degr
RSIF,BZR,graph,0.7479,Ipse_Degr
RSIF,BZR,graph,0.7875,Ipse_Degr
RSIF,BZR,graph,0.6104,Ipse_NetL_Nume
RSIF,BZR,graph,0.6229,Ipse_NetL_Nume
RSIF,BZR,graph,0.6396,Ipse_NetL_Nume
RSIF,BZR,graph,0.9333,Ipse_NetL_Nume
RSIF,BZR,graph,0.6688,Ipse_NetL_Nume
RSIF,BZR,graph,0.8542,Ipse_NetL_Nume
RSIF,BZR,graph,0.825,Ipse_NetL_Nume
RSIF,BZR,graph,0.8146,Ipse_NetL_Nume
RSIF,BZR,graph,0.5521,Ipse_NetL_Nume
RSIF,BZR,graph,0.5396,Ipse_NetL_Nume
RSIF,BZR,graph,0.5562,Ipse_NetL
RSIF,BZR,graph,0.6667,Ipse_NetL
RSIF,BZR,graph,0.6354,Ipse_NetL
RSIF,BZR,graph,0.9312,Ipse_NetL
RSIF,BZR,graph,0.7208,Ipse_NetL
RSIF,BZR,graph,0.8042,Ipse_NetL
RSIF,BZR,graph,0.8021,Ipse_NetL
RSIF,BZR,graph,0.7875,Ipse_NetL
RSIF,BZR,graph,0.5729,Ipse_NetL
RSIF,BZR,graph,0.4542,Ipse_NetL
RSIF,BZR,graph,0.5979,Ipse_Nume
RSIF,BZR,graph,0.5833,Ipse_Nume
RSIF,BZR,graph,0.6625,Ipse_Nume
RSIF,BZR,graph,0.9333,Ipse_Nume
RSIF,BZR,graph,0.6917,Ipse_Nume
RSIF,BZR,graph,0.8542,Ipse_Nume
RSIF,BZR,graph,0.7896,Ipse_Nume
RSIF,BZR,graph,0.7958,Ipse_Nume
RSIF,BZR,graph,0.6625,Ipse_Nume
RSIF,BZR,graph,0.4625,Ipse_Nume
RSIF,BZR,graph,0.5875,Ipse
RSIF,BZR,graph,0.6229,Ipse
RSIF,BZR,graph,0.5562,Ipse
RSIF,BZR,graph,0.8458,Ipse
RSIF,BZR,graph,0.6,Ipse
RSIF,BZR,graph,0.8938,Ipse
RSIF,BZR,graph,0.6312,Ipse
RSIF,BZR,graph,0.8458,Ipse
RSIF,BZR,graph,0.5917,Ipse
RSIF,BZR,graph,0.5375,Ipse
RSIF,BZR,graph,0.7292,Port_BagO_NetS
RSIF,BZR,graph,0.575,Port_BagO_NetS
RSIF,BZR,graph,0.7187,Port_BagO_NetS
RSIF,BZR,graph,0.775,Port_BagO_NetS
RSIF,BZR,graph,0.5792,Port_BagO_NetS
RSIF,BZR,graph,0.6083,Port_BagO_NetS
RSIF,BZR,graph,0.8042,Port_BagO_NetS
RSIF,BZR,graph,0.675,Port_BagO_NetS
RSIF,BZR,graph,0.5771,Port_BagO_NetS
RSIF,BZR,graph,0.4792,Port_BagO_NetS
RSIF,BZR,graph,0.8125,Port_BagO_Degr
RSIF,BZR,graph,0.7313,Port_BagO_Degr
RSIF,BZR,graph,0.6375,Port_BagO_Degr
RSIF,BZR,graph,0.7583,Port_BagO_Degr
RSIF,BZR,graph,0.5146,Port_BagO_Degr
RSIF,BZR,graph,0.8458,Port_BagO_Degr
RSIF,BZR,graph,0.7938,Port_BagO_Degr
RSIF,BZR,graph,0.825,Port_BagO_Degr
RSIF,BZR,graph,0.7646,Port_BagO_Degr
RSIF,BZR,graph,0.6604,Port_BagO_Degr
RSIF,BZR,graph,0.4854,Port_BagO_NetL
RSIF,BZR,graph,0.4615,Port_BagO_NetL
RSIF,BZR,graph,0.6208,Port_BagO_NetL
RSIF,BZR,graph,0.8833,Port_BagO_NetL
RSIF,BZR,graph,0.4312,Port_BagO_NetL
RSIF,BZR,graph,0.6604,Port_BagO_NetL
RSIF,BZR,graph,0.7146,Port_BagO_NetL
RSIF,BZR,graph,0.7073,Port_BagO_NetL
RSIF,BZR,graph,0.5646,Port_BagO_NetL
RSIF,BZR,graph,0.6146,Port_BagO_NetL
RSIF,BZR,graph,0.4667,Port_BagO_Nume
RSIF,BZR,graph,0.5521,Port_BagO_Nume
RSIF,BZR,graph,0.6302,Port_BagO_Nume
RSIF,BZR,graph,0.8562,Port_BagO_Nume
RSIF,BZR,graph,0.5188,Port_BagO_Nume
RSIF,BZR,graph,0.6688,Port_BagO_Nume
RSIF,BZR,graph,0.7104,Port_BagO_Nume
RSIF,BZR,graph,0.5812,Port_BagO_Nume
RSIF,BZR,graph,0.525,Port_BagO_Nume
RSIF,BZR,graph,0.5938,Port_BagO_Nume
RSIF,BZR,graph,0.2625,Port_BagO
RSIF,BZR,graph,0.4896,Port_BagO
RSIF,BZR,graph,0.5292,Port_BagO
RSIF,BZR,graph,0.825,Port_BagO
RSIF,BZR,graph,0.5417,Port_BagO
RSIF,BZR,graph,0.6063,Port_BagO
RSIF,BZR,graph,0.5938,Port_BagO
RSIF,BZR,graph,0.5781,Port_BagO
RSIF,BZR,graph,0.3729,Port_BagO
RSIF,BZR,graph,0.4438,Port_BagO
RSIF,BZR,graph,0.8062,Port_NetS_Degr
RSIF,BZR,graph,0.7208,Port_NetS_Degr
RSIF,BZR,graph,0.7188,Port_NetS_Degr
RSIF,BZR,graph,0.9,Port_NetS_Degr
RSIF,BZR,graph,0.7604,Port_NetS_Degr
RSIF,BZR,graph,0.8333,Port_NetS_Degr
RSIF,BZR,graph,0.9354,Port_NetS_Degr
RSIF,BZR,graph,0.8479,Port_NetS_Degr
RSIF,BZR,graph,0.7417,Port_NetS_Degr
RSIF,BZR,graph,0.8,Port_NetS_Degr
RSIF,BZR,graph,0.6771,Port_NetS_NetL
RSIF,BZR,graph,0.6312,Port_NetS_NetL
RSIF,BZR,graph,0.7792,Port_NetS_NetL
RSIF,BZR,graph,0.9458,Port_NetS_NetL
RSIF,BZR,graph,0.7812,Port_NetS_NetL
RSIF,BZR,graph,0.7375,Port_NetS_NetL
RSIF,BZR,graph,0.8146,Port_NetS_NetL
RSIF,BZR,graph,0.75,Port_NetS_NetL
RSIF,BZR,graph,0.55,Port_NetS_NetL
RSIF,BZR,graph,0.4917,Port_NetS_NetL
RSIF,BZR,graph,0.7354,Port_NetS_Nume
RSIF,BZR,graph,0.6458,Port_NetS_Nume
RSIF,BZR,graph,0.7229,Port_NetS_Nume
RSIF,BZR,graph,0.9083,Port_NetS_Nume
RSIF,BZR,graph,0.8062,Port_NetS_Nume
RSIF,BZR,graph,0.7833,Port_NetS_Nume
RSIF,BZR,graph,0.775,Port_NetS_Nume
RSIF,BZR,graph,0.8375,Port_NetS_Nume
RSIF,BZR,graph,0.5708,Port_NetS_Nume
RSIF,BZR,graph,0.5104,Port_NetS_Nume
RSIF,BZR,graph,0.7,Port_NetS
RSIF,BZR,graph,0.7,Port_NetS
RSIF,BZR,graph,0.6729,Port_NetS
RSIF,BZR,graph,0.8271,Port_NetS
RSIF,BZR,graph,0.8125,Port_NetS
RSIF,BZR,graph,0.5938,Port_NetS
RSIF,BZR,graph,0.7604,Port_NetS
RSIF,BZR,graph,0.7167,Port_NetS
RSIF,BZR,graph,0.5646,Port_NetS
RSIF,BZR,graph,0.675,Port_NetS
RSIF,BZR,graph,0.7771,Port_Degr_NetL
RSIF,BZR,graph,0.7479,Port_Degr_NetL
RSIF,BZR,graph,0.7667,Port_Degr_NetL
RSIF,BZR,graph,0.9375,Port_Degr_NetL
RSIF,BZR,graph,0.6917,Port_Degr_NetL
RSIF,BZR,graph,0.8688,Port_Degr_NetL
RSIF,BZR,graph,0.8771,Port_Degr_NetL
RSIF,BZR,graph,0.8771,Port_Degr_NetL
RSIF,BZR,graph,0.7292,Port_Degr_NetL
RSIF,BZR,graph,0.7771,Port_Degr_NetL
RSIF,BZR,graph,0.8104,Port_Degr_Nume
RSIF,BZR,graph,0.7812,Port_Degr_Nume
RSIF,BZR,graph,0.7479,Port_Degr_Nume
RSIF,BZR,graph,0.9562,Port_Degr_Nume
RSIF,BZR,graph,0.7563,Port_Degr_Nume
RSIF,BZR,graph,0.9312,Port_Degr_Nume
RSIF,BZR,graph,0.8708,Port_Degr_Nume
RSIF,BZR,graph,0.8896,Port_Degr_Nume
RSIF,BZR,graph,0.7667,Port_Degr_Nume
RSIF,BZR,graph,0.7458,Port_Degr_Nume
RSIF,BZR,graph,0.8271,Port_Degr
RSIF,BZR,graph,0.7792,Port_Degr
RSIF,BZR,graph,0.7813,Port_Degr
RSIF,BZR,graph,0.8521,Port_Degr
RSIF,BZR,graph,0.7458,Port_Degr
RSIF,BZR,graph,0.9042,Port_Degr
RSIF,BZR,graph,0.85,Port_Degr
RSIF,BZR,graph,0.875,Port_Degr
RSIF,BZR,graph,0.7292,Port_Degr
RSIF,BZR,graph,0.7896,Port_Degr
RSIF,BZR,graph,0.6125,Port_NetL_Nume
RSIF,BZR,graph,0.5729,Port_NetL_Nume
RSIF,BZR,graph,0.7125,Port_NetL_Nume
RSIF,BZR,graph,0.8917,Port_NetL_Nume
RSIF,BZR,graph,0.6729,Port_NetL_Nume
RSIF,BZR,graph,0.6792,Port_NetL_Nume
RSIF,BZR,graph,0.7542,Port_NetL_Nume
RSIF,BZR,graph,0.7208,Port_NetL_Nume
RSIF,BZR,graph,0.5812,Port_NetL_Nume
RSIF,BZR,graph,0.5583,Port_NetL_Nume
RSIF,BZR,graph,0.6292,Port_NetL
RSIF,BZR,graph,0.6312,Port_NetL
RSIF,BZR,graph,0.7021,Port_NetL
RSIF,BZR,graph,0.8896,Port_NetL
RSIF,BZR,graph,0.7021,Port_NetL
RSIF,BZR,graph,0.7312,Port_NetL
RSIF,BZR,graph,0.7625,Port_NetL
RSIF,BZR,graph,0.725,Port_NetL
RSIF,BZR,graph,0.525,Port_NetL
RSIF,BZR,graph,0.4562,Port_NetL
RSIF,BZR,graph,0.5938,Port_Nume
RSIF,BZR,graph,0.5583,Port_Nume
RSIF,BZR,graph,0.6521,Port_Nume
RSIF,BZR,graph,0.8729,Port_Nume
RSIF,BZR,graph,0.5792,Port_Nume
RSIF,BZR,graph,0.6979,Port_Nume
RSIF,BZR,graph,0.7792,Port_Nume
RSIF,BZR,graph,0.7229,Port_Nume
RSIF,BZR,graph,0.5708,Port_Nume
RSIF,BZR,graph,0.5792,Port_Nume
RSIF,BZR,graph,0.5417,Port
RSIF,BZR,graph,0.5542,Port
RSIF,BZR,graph,0.5521,Port
RSIF,BZR,graph,0.8625,Port
RSIF,BZR,graph,0.525,Port
RSIF,BZR,graph,0.6583,Port
RSIF,BZR,graph,0.6313,Port
RSIF,BZR,graph,0.75,Port
RSIF,BZR,graph,0.4896,Port
RSIF,BZR,graph,0.5021,Port
RSIF,BZR,graph,0.75,BagO_NetS_Degr
RSIF,BZR,graph,0.7479,BagO_NetS_Degr
RSIF,BZR,graph,0.6146,BagO_NetS_Degr
RSIF,BZR,graph,0.4417,BagO_NetS_Degr
RSIF,BZR,graph,0.5583,BagO_NetS_Degr
RSIF,BZR,graph,0.6729,BagO_NetS_Degr
RSIF,BZR,graph,0.6604,BagO_NetS_Degr
RSIF,BZR,graph,0.7948,BagO_NetS_Degr
RSIF,BZR,graph,0.7771,BagO_NetS_Degr
RSIF,BZR,graph,0.7146,BagO_NetS_Degr
RSIF,BZR,graph,0.5562,BagO_NetS_NetL
RSIF,BZR,graph,0.5562,BagO_NetS_NetL
RSIF,BZR,graph,0.6833,BagO_NetS_NetL
RSIF,BZR,graph,0.8583,BagO_NetS_NetL
RSIF,BZR,graph,0.6979,BagO_NetS_NetL
RSIF,BZR,graph,0.6979,BagO_NetS_NetL
RSIF,BZR,graph,0.8667,BagO_NetS_NetL
RSIF,BZR,graph,0.6167,BagO_NetS_NetL
RSIF,BZR,graph,0.5167,BagO_NetS_NetL
RSIF,BZR,graph,0.6312,BagO_NetS_NetL
RSIF,BZR,graph,0.6312,BagO_NetS_Nume
RSIF,BZR,graph,0.5292,BagO_NetS_Nume
RSIF,BZR,graph,0.7083,BagO_NetS_Nume
RSIF,BZR,graph,0.8792,BagO_NetS_Nume
RSIF,BZR,graph,0.7125,BagO_NetS_Nume
RSIF,BZR,graph,0.6417,BagO_NetS_Nume
RSIF,BZR,graph,0.8104,BagO_NetS_Nume
RSIF,BZR,graph,0.775,BagO_NetS_Nume
RSIF,BZR,graph,0.5479,BagO_NetS_Nume
RSIF,BZR,graph,0.625,BagO_NetS_Nume
RSIF,BZR,graph,0.5062,BagO_NetS
RSIF,BZR,graph,0.4521,BagO_NetS
RSIF,BZR,graph,0.3396,BagO_NetS
RSIF,BZR,graph,0.5417,BagO_NetS
RSIF,BZR,graph,0.6646,BagO_NetS
RSIF,BZR,graph,0.5125,BagO_NetS
RSIF,BZR,graph,0.6708,BagO_NetS
RSIF,BZR,graph,0.4417,BagO_NetS
RSIF,BZR,graph,0.6375,BagO_NetS
RSIF,BZR,graph,0.5083,BagO_NetS
RSIF,BZR,graph,0.725,BagO_Degr_NetL
RSIF,BZR,graph,0.7552,BagO_Degr_NetL
RSIF,BZR,graph,0.7115,BagO_Degr_NetL
RSIF,BZR,graph,0.8938,BagO_Degr_NetL
RSIF,BZR,graph,0.7417,BagO_Degr_NetL
RSIF,BZR,graph,0.8667,BagO_Degr_NetL
RSIF,BZR,graph,0.8438,BagO_Degr_NetL
RSIF,BZR,graph,0.8365,BagO_Degr_NetL
RSIF,BZR,graph,0.7979,BagO_Degr_NetL
RSIF,BZR,graph,0.6698,BagO_Degr_NetL
RSIF,BZR,graph,0.7104,BagO_Degr_Nume
RSIF,BZR,graph,0.8375,BagO_Degr_Nume
RSIF,BZR,graph,0.7521,BagO_Degr_Nume
RSIF,BZR,graph,0.8312,BagO_Degr_Nume
RSIF,BZR,graph,0.6812,BagO_Degr_Nume
RSIF,BZR,graph,0.8958,BagO_Degr_Nume
RSIF,BZR,graph,0.8646,BagO_Degr_Nume
RSIF,BZR,graph,0.8646,BagO_Degr_Nume
RSIF,BZR,graph,0.8146,BagO_Degr_Nume
RSIF,BZR,graph,0.6979,BagO_Degr_Nume
RSIF,BZR,graph,0.8708,BagO_Degr
RSIF,BZR,graph,0.8156,BagO_Degr
RSIF,BZR,graph,0.6833,BagO_Degr
RSIF,BZR,graph,0.5812,BagO_Degr
RSIF,BZR,graph,0.6875,BagO_Degr
RSIF,BZR,graph,0.7833,BagO_Degr
RSIF,BZR,graph,0.8333,BagO_Degr
RSIF,BZR,graph,0.7406,BagO_Degr
RSIF,BZR,graph,0.8438,BagO_Degr
RSIF,BZR,graph,0.7927,BagO_Degr
RSIF,BZR,graph,0.5333,BagO_NetL_Nume
RSIF,BZR,graph,0.5021,BagO_NetL_Nume
RSIF,BZR,graph,0.6115,BagO_NetL_Nume
RSIF,BZR,graph,0.8812,BagO_NetL_Nume
RSIF,BZR,graph,0.6104,BagO_NetL_Nume
RSIF,BZR,graph,0.6885,BagO_NetL_Nume
RSIF,BZR,graph,0.799,BagO_NetL_Nume
RSIF,BZR,graph,0.6115,BagO_NetL_Nume
RSIF,BZR,graph,0.5083,BagO_NetL_Nume
RSIF,BZR,graph,0.525,BagO_NetL_Nume
RSIF,BZR,graph,0.4896,BagO_NetL
RSIF,BZR,graph,0.5417,BagO_NetL
RSIF,BZR,graph,0.5906,BagO_NetL
RSIF,BZR,graph,0.9062,BagO_NetL
RSIF,BZR,graph,0.5198,BagO_NetL
RSIF,BZR,graph,0.6521,BagO_NetL
RSIF,BZR,graph,0.75,BagO_NetL
RSIF,BZR,graph,0.6208,BagO_NetL
RSIF,BZR,graph,0.5125,BagO_NetL
RSIF,BZR,graph,0.476,BagO_NetL
RSIF,BZR,graph,0.5812,BagO_Nume
RSIF,BZR,graph,0.5615,BagO_Nume
RSIF,BZR,graph,0.6562,BagO_Nume
RSIF,BZR,graph,0.8812,BagO_Nume
RSIF,BZR,graph,0.5479,BagO_Nume
RSIF,BZR,graph,0.6615,BagO_Nume
RSIF,BZR,graph,0.7219,BagO_Nume
RSIF,BZR,graph,0.6708,BagO_Nume
RSIF,BZR,graph,0.5281,BagO_Nume
RSIF,BZR,graph,0.45,BagO_Nume
RSIF,BZR,graph,0.5979,BagO
RSIF,BZR,graph,0.6615,BagO
RSIF,BZR,graph,0.4031,BagO
RSIF,BZR,graph,0.5396,BagO
RSIF,BZR,graph,0.5094,BagO
RSIF,BZR,graph,0.7896,BagO
RSIF,BZR,graph,0.7531,BagO
RSIF,BZR,graph,0.8417,BagO
RSIF,BZR,graph,0.724,BagO
RSIF,BZR,graph,0.5844,BagO
RSIF,BZR,graph,0.8562,NetS_Degr_NetL
RSIF,BZR,graph,0.7313,NetS_Degr_NetL
RSIF,BZR,graph,0.7729,NetS_Degr_NetL
RSIF,BZR,graph,0.95,NetS_Degr_NetL
RSIF,BZR,graph,0.7979,NetS_Degr_NetL
RSIF,BZR,graph,0.8562,NetS_Degr_NetL
RSIF,BZR,graph,0.9271,NetS_Degr_NetL
RSIF,BZR,graph,0.8,NetS_Degr_NetL
RSIF,BZR,graph,0.8042,NetS_Degr_NetL
RSIF,BZR,graph,0.8042,NetS_Degr_NetL
RSIF,BZR,graph,0.8521,NetS_Degr_Nume
RSIF,BZR,graph,0.8,NetS_Degr_Nume
RSIF,BZR,graph,0.8083,NetS_Degr_Nume
RSIF,BZR,graph,0.9604,NetS_Degr_Nume
RSIF,BZR,graph,0.7375,NetS_Degr_Nume
RSIF,BZR,graph,0.8771,NetS_Degr_Nume
RSIF,BZR,graph,0.975,NetS_Degr_Nume
RSIF,BZR,graph,0.7938,NetS_Degr_Nume
RSIF,BZR,graph,0.7896,NetS_Degr_Nume
RSIF,BZR,graph,0.8208,NetS_Degr_Nume
RSIF,BZR,graph,0.7562,NetS_Degr
RSIF,BZR,graph,0.7146,NetS_Degr
RSIF,BZR,graph,0.6521,NetS_Degr
RSIF,BZR,graph,0.4979,NetS_Degr
RSIF,BZR,graph,0.7,NetS_Degr
RSIF,BZR,graph,0.6354,NetS_Degr
RSIF,BZR,graph,0.75,NetS_Degr
RSIF,BZR,graph,0.8,NetS_Degr
RSIF,BZR,graph,0.7604,NetS_Degr
RSIF,BZR,graph,0.7938,NetS_Degr
RSIF,BZR,graph,0.6958,NetS_NetL_Nume
RSIF,BZR,graph,0.6417,NetS_NetL_Nume
RSIF,BZR,graph,0.7146,NetS_NetL_Nume
RSIF,BZR,graph,0.9188,NetS_NetL_Nume
RSIF,BZR,graph,0.7667,NetS_NetL_Nume
RSIF,BZR,graph,0.7792,NetS_NetL_Nume
RSIF,BZR,graph,0.9229,NetS_NetL_Nume
RSIF,BZR,graph,0.7646,NetS_NetL_Nume
RSIF,BZR,graph,0.6,NetS_NetL_Nume
RSIF,BZR,graph,0.55,NetS_NetL_Nume
RSIF,BZR,graph,0.6688,NetS_NetL
RSIF,BZR,graph,0.6542,NetS_NetL
RSIF,BZR,graph,0.7792,NetS_NetL
RSIF,BZR,graph,0.9167,NetS_NetL
RSIF,BZR,graph,0.7688,NetS_NetL
RSIF,BZR,graph,0.7542,NetS_NetL
RSIF,BZR,graph,0.8271,NetS_NetL
RSIF,BZR,graph,0.8062,NetS_NetL
RSIF,BZR,graph,0.6021,NetS_NetL
RSIF,BZR,graph,0.5917,NetS_NetL
RSIF,BZR,graph,0.7333,NetS_Nume
RSIF,BZR,graph,0.6729,NetS_Nume
RSIF,BZR,graph,0.7667,NetS_Nume
RSIF,BZR,graph,0.9146,NetS_Nume
RSIF,BZR,graph,0.7625,NetS_Nume
RSIF,BZR,graph,0.8667,NetS_Nume
RSIF,BZR,graph,0.8771,NetS_Nume
RSIF,BZR,graph,0.8292,NetS_Nume
RSIF,BZR,graph,0.6083,NetS_Nume
RSIF,BZR,graph,0.5458,NetS_Nume
RSIF,BZR,graph,0.6271,NetS
RSIF,BZR,graph,0.4354,NetS
RSIF,BZR,graph,0.375,NetS
RSIF,BZR,graph,0.2833,NetS
RSIF,BZR,graph,0.6562,NetS
RSIF,BZR,graph,0.5271,NetS
RSIF,BZR,graph,0.4333,NetS
RSIF,BZR,graph,0.4979,NetS
RSIF,BZR,graph,0.4771,NetS
RSIF,BZR,graph,0.6312,NetS
RSIF,BZR,graph,0.85,Degr_NetL_Nume
RSIF,BZR,graph,0.7854,Degr_NetL_Nume
RSIF,BZR,graph,0.7667,Degr_NetL_Nume
RSIF,BZR,graph,0.9562,Degr_NetL_Nume
RSIF,BZR,graph,0.7625,Degr_NetL_Nume
RSIF,BZR,graph,0.9062,Degr_NetL_Nume
RSIF,BZR,graph,0.8833,Degr_NetL_Nume
RSIF,BZR,graph,0.8542,Degr_NetL_Nume
RSIF,BZR,graph,0.7896,Degr_NetL_Nume
RSIF,BZR,graph,0.7646,Degr_NetL_Nume
RSIF,BZR,graph,0.8521,Degr_NetL
RSIF,BZR,graph,0.8083,Degr_NetL
RSIF,BZR,graph,0.7958,Degr_NetL
RSIF,BZR,graph,0.9521,Degr_NetL
RSIF,BZR,graph,0.7729,Degr_NetL
RSIF,BZR,graph,0.9208,Degr_NetL
RSIF,BZR,graph,0.8458,Degr_NetL
RSIF,BZR,graph,0.826,Degr_NetL
RSIF,BZR,graph,0.8229,Degr_NetL
RSIF,BZR,graph,0.8208,Degr_NetL
RSIF,BZR,graph,0.8771,Degr_Nume
RSIF,BZR,graph,0.8,Degr_Nume
RSIF,BZR,graph,0.8542,Degr_Nume
RSIF,BZR,graph,0.9625,Degr_Nume
RSIF,BZR,graph,0.8229,Degr_Nume
RSIF,BZR,graph,0.9,Degr_Nume
RSIF,BZR,graph,0.9417,Degr_Nume
RSIF,BZR,graph,0.8688,Degr_Nume
RSIF,BZR,graph,0.8208,Degr_Nume
RSIF,BZR,graph,0.8479,Degr_Nume
RSIF,BZR,graph,0.8417,Degr
RSIF,BZR,graph,0.7427,Degr
RSIF,BZR,graph,0.7635,Degr
RSIF,BZR,graph,0.6646,Degr
RSIF,BZR,graph,0.8438,Degr
RSIF,BZR,graph,0.7521,Degr
RSIF,BZR,graph,0.8625,Degr
RSIF,BZR,graph,0.8906,Degr
RSIF,BZR,graph,0.7938,Degr
RSIF,BZR,graph,0.8573,Degr
RSIF,BZR,graph,0.5729,NetL_Nume
RSIF,BZR,graph,0.5188,NetL_Nume
RSIF,BZR,graph,0.6917,NetL_Nume
RSIF,BZR,graph,0.8979,NetL_Nume
RSIF,BZR,graph,0.6583,NetL_Nume
RSIF,BZR,graph,0.6854,NetL_Nume
RSIF,BZR,graph,0.8323,NetL_Nume
RSIF,BZR,graph,0.7354,NetL_Nume
RSIF,BZR,graph,0.5771,NetL_Nume
RSIF,BZR,graph,0.4833,NetL_Nume
RSIF,BZR,graph,0.6333,NetL
RSIF,BZR,graph,0.5729,NetL
RSIF,BZR,graph,0.7365,NetL
RSIF,BZR,graph,0.9208,NetL
RSIF,BZR,graph,0.7042,NetL
RSIF,BZR,graph,0.7073,NetL
RSIF,BZR,graph,0.8281,NetL
RSIF,BZR,graph,0.6427,NetL
RSIF,BZR,graph,0.4896,NetL
RSIF,BZR,graph,0.5271,NetL
RSIF,BZR,graph,0.5542,Nume
RSIF,BZR,graph,0.5125,Nume
RSIF,BZR,graph,0.675,Nume
RSIF,BZR,graph,0.9125,Nume
RSIF,BZR,graph,0.65,Nume
RSIF,BZR,graph,0.6583,Nume
RSIF,BZR,graph,0.7802,Nume
RSIF,BZR,graph,0.7229,Nume
RSIF,BZR,graph,0.5667,Nume
RSIF,BZR,graph,0.5021,Nume
RSIF,DHFR,graph,0.4368,Ipse_Port_BagO
RSIF,DHFR,graph,0.4193,Ipse_Port_BagO
RSIF,DHFR,graph,0.4275,Ipse_Port_BagO
RSIF,DHFR,graph,0.4687,Ipse_Port_BagO
RSIF,DHFR,graph,0.2672,Ipse_Port_BagO
RSIF,DHFR,graph,0.3905,Ipse_Port_BagO
RSIF,DHFR,graph,0.4203,Ipse_Port_BagO
RSIF,DHFR,graph,0.4378,Ipse_Port_BagO
RSIF,DHFR,graph,0.5046,Ipse_Port_BagO
RSIF,DHFR,graph,0.3844,Ipse_Port_BagO
RSIF,DHFR,graph,0.5098,Ipse_Port_NetS
RSIF,DHFR,graph,0.2055,Ipse_Port_NetS
RSIF,DHFR,graph,0.4193,Ipse_Port_NetS
RSIF,DHFR,graph,0.5293,Ipse_Port_NetS
RSIF,DHFR,graph,0.2467,Ipse_Port_NetS
RSIF,DHFR,graph,0.4738,Ipse_Port_NetS
RSIF,DHFR,graph,0.4758,Ipse_Port_NetS
RSIF,DHFR,graph,0.4183,Ipse_Port_NetS
RSIF,DHFR,graph,0.4594,Ipse_Port_NetS
RSIF,DHFR,graph,0.4409,Ipse_Port_NetS
RSIF,DHFR,graph,0.5653,Ipse_Port_Degr
RSIF,DHFR,graph,0.2528,Ipse_Port_Degr
RSIF,DHFR,graph,0.5221,Ipse_Port_Degr
RSIF,DHFR,graph,0.5683,Ipse_Port_Degr
RSIF,DHFR,graph,0.1829,Ipse_Port_Degr
RSIF,DHFR,graph,0.4399,Ipse_Port_Degr
RSIF,DHFR,graph,0.446,Ipse_Port_Degr
RSIF,DHFR,graph,0.443,Ipse_Port_Degr
RSIF,DHFR,graph,0.4419,Ipse_Port_Degr
RSIF,DHFR,graph,0.4471,Ipse_Port_Degr
RSIF,DHFR,graph,0.6177,Ipse_Port_NetL
RSIF,DHFR,graph,0.2816,Ipse_Port_NetL
RSIF,DHFR,graph,0.5735,Ipse_Port_NetL
RSIF,DHFR,graph,0.5848,Ipse_Port_NetL
RSIF,DHFR,graph,0.3227,Ipse_Port_NetL
RSIF,DHFR,graph,0.5128,Ipse_Port_NetL
RSIF,DHFR,graph,0.4769,Ipse_Port_NetL
RSIF,DHFR,graph,0.3947,Ipse_Port_NetL
RSIF,DHFR,graph,0.5283,Ipse_Port_NetL
RSIF,DHFR,graph,0.5632,Ipse_Port_NetL
RSIF,DHFR,graph,0.6218,Ipse_Port_Nume
RSIF,DHFR,graph,0.3515,Ipse_Port_Nume
RSIF,DHFR,graph,0.5344,Ipse_Port_Nume
RSIF,DHFR,graph,0.556,Ipse_Port_Nume
RSIF,DHFR,graph,0.298,Ipse_Port_Nume
RSIF,DHFR,graph,0.4738,Ipse_Port_Nume
RSIF,DHFR,graph,0.5128,Ipse_Port_Nume
RSIF,DHFR,graph,0.3895,Ipse_Port_Nume
RSIF,DHFR,graph,0.4584,Ipse_Port_Nume
RSIF,DHFR,graph,0.5519,Ipse_Port_Nume
RSIF,DHFR,graph,0.5858,Ipse_Port
RSIF,DHFR,graph,0.2446,Ipse_Port
RSIF,DHFR,graph,0.5046,Ipse_Port
RSIF,DHFR,graph,0.5951,Ipse_Port
RSIF,DHFR,graph,0.3237,Ipse_Port
RSIF,DHFR,graph,0.4152,Ipse_Port
RSIF,DHFR,graph,0.4707,Ipse_Port
RSIF,DHFR,graph,0.4625,Ipse_Port
RSIF,DHFR,graph,0.4275,Ipse_Port
RSIF,DHFR,graph,0.5385,Ipse_Port
RSIF,DHFR,graph,0.3977,Ipse_BagO_NetS
RSIF,DHFR,graph,0.2271,Ipse_BagO_NetS
RSIF,DHFR,graph,0.3854,Ipse_BagO_NetS
RSIF,DHFR,graph,0.2631,Ipse_BagO_NetS
RSIF,DHFR,graph,0.2775,Ipse_BagO_NetS
RSIF,DHFR,graph,0.4789,Ipse_BagO_NetS
RSIF,DHFR,graph,0.2806,Ipse_BagO_NetS
RSIF,DHFR,graph,0.3977,Ipse_BagO_NetS
RSIF,DHFR,graph,0.3258,Ipse_BagO_NetS
RSIF,DHFR,graph,0.2055,Ipse_BagO_NetS
RSIF,DHFR,graph,0.482,Ipse_BagO_Degr
RSIF,DHFR,graph,0.3248,Ipse_BagO_Degr
RSIF,DHFR,graph,0.3001,Ipse_BagO_Degr
RSIF,DHFR,graph,0.2867,Ipse_BagO_Degr
RSIF,DHFR,graph,0.2169,Ipse_BagO_Degr
RSIF,DHFR,graph,0.37,Ipse_BagO_Degr
RSIF,DHFR,graph,0.2785,Ipse_BagO_Degr
RSIF,DHFR,graph,0.4378,Ipse_BagO_Degr
RSIF,DHFR,graph,0.3535,Ipse_BagO_Degr
RSIF,DHFR,graph,0.2682,Ipse_BagO_Degr
RSIF,DHFR,graph,0.554,Ipse_BagO_NetL
RSIF,DHFR,graph,0.4368,Ipse_BagO_NetL
RSIF,DHFR,graph,0.4502,Ipse_BagO_NetL
RSIF,DHFR,graph,0.446,Ipse_BagO_NetL
RSIF,DHFR,graph,0.223,Ipse_BagO_NetL
RSIF,DHFR,graph,0.4625,Ipse_BagO_NetL
RSIF,DHFR,graph,0.4579,Ipse_BagO_NetL
RSIF,DHFR,graph,0.4532,Ipse_BagO_NetL
RSIF,DHFR,graph,0.5612,Ipse_BagO_NetL
RSIF,DHFR,graph,0.3977,Ipse_BagO_NetL
RSIF,DHFR,graph,0.519,Ipse_BagO_Nume
RSIF,DHFR,graph,0.4604,Ipse_BagO_Nume
RSIF,DHFR,graph,0.4656,Ipse_BagO_Nume
RSIF,DHFR,graph,0.4712,Ipse_BagO_Nume
RSIF,DHFR,graph,0.2343,Ipse_BagO_Nume
RSIF,DHFR,graph,0.333,Ipse_BagO_Nume
RSIF,DHFR,graph,0.4584,Ipse_BagO_Nume
RSIF,DHFR,graph,0.4923,Ipse_BagO_Nume
RSIF,DHFR,graph,0.5262,Ipse_BagO_Nume
RSIF,DHFR,graph,0.5262,Ipse_BagO_Nume
RSIF,DHFR,graph,0.4656,Ipse_BagO
RSIF,DHFR,graph,0.4584,Ipse_BagO
RSIF,DHFR,graph,0.3941,Ipse_BagO
RSIF,DHFR,graph,0.3834,Ipse_BagO
RSIF,DHFR,graph,0.2451,Ipse_BagO
RSIF,DHFR,graph,0.3864,Ipse_BagO
RSIF,DHFR,graph,0.4563,Ipse_BagO
RSIF,DHFR,graph,0.3864,Ipse_BagO
RSIF,DHFR,graph,0.5098,Ipse_BagO
RSIF,DHFR,graph,0.3792,Ipse_BagO
RSIF,DHFR,graph,0.4111,Ipse_NetS_Degr
RSIF,DHFR,graph,0.2292,Ipse_NetS_Degr
RSIF,DHFR,graph,0.2991,Ipse_NetS_Degr
RSIF,DHFR,graph,0.4049,Ipse_NetS_Degr
RSIF,DHFR,graph,0.1829,Ipse_NetS_Degr
RSIF,DHFR,graph,0.4502,Ipse_NetS_Degr
RSIF,DHFR,graph,0.298,Ipse_NetS_Degr
RSIF,DHFR,graph,0.3936,Ipse_NetS_Degr
RSIF,DHFR,graph,0.3392,Ipse_NetS_Degr
RSIF,DHFR,graph,0.2898,Ipse_NetS_Degr
RSIF,DHFR,graph,0.5694,Ipse_NetS_NetL
RSIF,DHFR,graph,0.3052,Ipse_NetS_NetL
RSIF,DHFR,graph,0.334,Ipse_NetS_NetL
RSIF,DHFR,graph,0.5139,Ipse_NetS_NetL
RSIF,DHFR,graph,0.2302,Ipse_NetS_NetL
RSIF,DHFR,graph,0.3905,Ipse_NetS_NetL
RSIF,DHFR,graph,0.4543,Ipse_NetS_NetL
RSIF,DHFR,graph,0.3649,Ipse_NetS_NetL
RSIF,DHFR,graph,0.4522,Ipse_NetS_NetL
RSIF,DHFR,graph,0.4964,Ipse_NetS_NetL
RSIF,DHFR,graph,0.5416,Ipse_NetS_Nume
RSIF,DHFR,graph,0.224,Ipse_NetS_Nume
RSIF,DHFR,graph,0.446,Ipse_NetS_Nume
RSIF,DHFR,graph,0.48,Ipse_NetS_Nume
RSIF,DHFR,graph,0.2014,Ipse_NetS_Nume
RSIF,DHFR,graph,0.3577,Ipse_NetS_Nume
RSIF,DHFR,graph,0.443,Ipse_NetS_Nume
RSIF,DHFR,graph,0.3864,Ipse_NetS_Nume
RSIF,DHFR,graph,0.4419,Ipse_NetS_Nume
RSIF,DHFR,graph,0.4707,Ipse_NetS_Nume
RSIF,DHFR,graph,0.3741,Ipse_NetS
RSIF,DHFR,graph,0.1829,Ipse_NetS
RSIF,DHFR,graph,0.3649,Ipse_NetS
RSIF,DHFR,graph,0.2898,Ipse_NetS
RSIF,DHFR,graph,0.2497,Ipse_NetS
RSIF,DHFR,graph,0.4851,Ipse_NetS
RSIF,DHFR,graph,0.2621,Ipse_NetS
RSIF,DHFR,graph,0.4779,Ipse_NetS
RSIF,DHFR,graph,0.3073,Ipse_NetS
RSIF,DHFR,graph,0.295,Ipse_NetS
RSIF,DHFR,graph,0.5509,Ipse_Degr_NetL
RSIF,DHFR,graph,0.3135,Ipse_Degr_NetL
RSIF,DHFR,graph,0.3638,Ipse_Degr_NetL
RSIF,DHFR,graph,0.5057,Ipse_Degr_NetL
RSIF,DHFR,graph,0.1891,Ipse_Degr_NetL
RSIF,DHFR,graph,0.2939,Ipse_Degr_NetL
RSIF,DHFR,graph,0.4255,Ipse_Degr_NetL
RSIF,DHFR,graph,0.3402,Ipse_Degr_NetL
RSIF,DHFR,graph,0.4748,Ipse_Degr_NetL
RSIF,DHFR,graph,0.4974,Ipse_Degr_NetL
RSIF,DHFR,graph,0.5057,Ipse_Degr_Nume
RSIF,DHFR,graph,0.2508,Ipse_Degr_Nume
RSIF,DHFR,graph,0.4029,Ipse_Degr_Nume
RSIF,DHFR,graph,0.4748,Ipse_Degr_Nume
RSIF,DHFR,graph,0.2076,Ipse_Degr_Nume
RSIF,DHFR,graph,0.3813,Ipse_Degr_Nume
RSIF,DHFR,graph,0.4173,Ipse_Degr_Nume
RSIF,DHFR,graph,0.2785,Ipse_Degr_Nume
RSIF,DHFR,graph,0.4327,Ipse_Degr_Nume
RSIF,DHFR,graph,0.4923,Ipse_Degr_Nume
RSIF,DHFR,graph,0.5303,Ipse_Degr
RSIF,DHFR,graph,0.2693,Ipse_Degr
RSIF,DHFR,graph,0.3916,Ipse_Degr
RSIF,DHFR,graph,0.4635,Ipse_Degr
RSIF,DHFR,graph,0.1809,Ipse_Degr
RSIF,DHFR,graph,0.4594,Ipse_Degr
RSIF,DHFR,graph,0.369,Ipse_Degr
RSIF,DHFR,graph,0.3135,Ipse_Degr
RSIF,DHFR,graph,0.3607,Ipse_Degr
RSIF,DHFR,graph,0.4101,Ipse_Degr
RSIF,DHFR,graph,0.6136,Ipse_NetL_Nume
RSIF,DHFR,graph,0.3176,Ipse_NetL_Nume
RSIF,DHFR,graph,0.4121,Ipse_NetL_Nume
RSIF,DHFR,graph,0.5396,Ipse_NetL_Nume
RSIF,DHFR,graph,0.2199,Ipse_NetL_Nume
RSIF,DHFR,graph,0.3484,Ipse_NetL_Nume
RSIF,DHFR,graph,0.4121,Ipse_NetL_Nume
RSIF,DHFR,graph,0.3546,Ipse_NetL_Nume
RSIF,DHFR,graph,0.5591,Ipse_NetL_Nume
RSIF,DHFR,graph,0.5334,Ipse_NetL_Nume
RSIF,DHFR,graph,0.5807,Ipse_NetL
RSIF,DHFR,graph,0.3494,Ipse_NetL
RSIF,DHFR,graph,0.4409,Ipse_NetL
RSIF,DHFR,graph,0.5313,Ipse_NetL
RSIF,DHFR,graph,0.2713,Ipse_NetL
RSIF,DHFR,graph,0.3217,Ipse_NetL
RSIF,DHFR,graph,0.4635,Ipse_NetL
RSIF,DHFR,graph,0.3792,Ipse_NetL
RSIF,DHFR,graph,0.5437,Ipse_NetL
RSIF,DHFR,graph,0.5396,Ipse_NetL
RSIF,DHFR,graph,0.555,Ipse_Nume
RSIF,DHFR,graph,0.3063,Ipse_Nume
RSIF,DHFR,graph,0.3803,Ipse_Nume
RSIF,DHFR,graph,0.5334,Ipse_Nume
RSIF,DHFR,graph,0.1994,Ipse_Nume
RSIF,DHFR,graph,0.3464,Ipse_Nume
RSIF,DHFR,graph,0.4183,Ipse_Nume
RSIF,DHFR,graph,0.296,Ipse_Nume
RSIF,DHFR,graph,0.4522,Ipse_Nume
RSIF,DHFR,graph,0.5406,Ipse_Nume
RSIF,DHFR,graph,0.5581,Ipse
RSIF,DHFR,graph,0.3618,Ipse
RSIF,DHFR,graph,0.3577,Ipse
RSIF,DHFR,graph,0.4995,Ipse
RSIF,DHFR,graph,0.2169,Ipse
RSIF,DHFR,graph,0.3032,Ipse
RSIF,DHFR,graph,0.406,Ipse
RSIF,DHFR,graph,0.3535,Ipse
RSIF,DHFR,graph,0.4923,Ipse
RSIF,DHFR,graph,0.4296,Ipse
RSIF,DHFR,graph,0.4229,Port_BagO_NetS
RSIF,DHFR,graph,0.4532,Port_BagO_NetS
RSIF,DHFR,graph,0.4697,Port_BagO_NetS
RSIF,DHFR,graph,0.48,Port_BagO_NetS
RSIF,DHFR,graph,0.3309,Port_BagO_NetS
RSIF,DHFR,graph,0.4923,Port_BagO_NetS
RSIF,DHFR,graph,0.5658,Port_BagO_NetS
RSIF,DHFR,graph,0.3905,Port_BagO_NetS
RSIF,DHFR,graph,0.4409,Port_BagO_NetS
RSIF,DHFR,graph,0.4168,Port_BagO_NetS
RSIF,DHFR,graph,0.5401,Port_BagO_Degr
RSIF,DHFR,graph,0.2785,Port_BagO_Degr
RSIF,DHFR,graph,0.3885,Port_BagO_Degr
RSIF,DHFR,graph,0.5385,Port_BagO_Degr
RSIF,DHFR,graph,0.2873,Port_BagO_Degr
RSIF,DHFR,graph,0.4738,Port_BagO_Degr
RSIF,DHFR,graph,0.444,Port_BagO_Degr
RSIF,DHFR,graph,0.3947,Port_BagO_Degr
RSIF,DHFR,graph,0.4841,Port_BagO_Degr
RSIF,DHFR,graph,0.4044,Port_BagO_Degr
RSIF,DHFR,graph,0.6285,Port_BagO_NetL
RSIF,DHFR,graph,0.443,Port_BagO_NetL
RSIF,DHFR,graph,0.482,Port_BagO_NetL
RSIF,DHFR,graph,0.6053,Port_BagO_NetL
RSIF,DHFR,graph,0.3556,Port_BagO_NetL
RSIF,DHFR,graph,0.536,Port_BagO_NetL
RSIF,DHFR,graph,0.6089,Port_BagO_NetL
RSIF,DHFR,graph,0.4753,Port_BagO_NetL
RSIF,DHFR,graph,0.5838,Port_BagO_NetL
RSIF,DHFR,graph,0.631,Port_BagO_NetL
RSIF,DHFR,graph,0.612,Port_BagO_Nume
RSIF,DHFR,graph,0.4573,Port_BagO_Nume
RSIF,DHFR,graph,0.5385,Port_BagO_Nume
RSIF,DHFR,graph,0.6331,Port_BagO_Nume
RSIF,DHFR,graph,0.3623,Port_BagO_Nume
RSIF,DHFR,graph,0.5015,Port_BagO_Nume
RSIF,DHFR,graph,0.6233,Port_BagO_Nume
RSIF,DHFR,graph,0.538,Port_BagO_Nume
RSIF,DHFR,graph,0.5514,Port_BagO_Nume
RSIF,DHFR,graph,0.5997,Port_BagO_Nume
RSIF,DHFR,graph,0.5524,Port_BagO
RSIF,DHFR,graph,0.4394,Port_BagO
RSIF,DHFR,graph,0.5858,Port_BagO
RSIF,DHFR,graph,0.6485,Port_BagO
RSIF,DHFR,graph,0.3407,Port_BagO
RSIF,DHFR,graph,0.3957,Port_BagO
RSIF,DHFR,graph,0.5812,Port_BagO
RSIF,DHFR,graph,0.5349,Port_BagO
RSIF,DHFR,graph,0.5868,Port_BagO
RSIF,DHFR,graph,0.5863,Port_BagO
RSIF,DHFR,graph,0.4363,Port_NetS_Degr
RSIF,DHFR,graph,0.1917,Port_NetS_Degr
RSIF,DHFR,graph,0.4717,Port_NetS_Degr
RSIF,DHFR,graph,0.5262,Port_NetS_Degr
RSIF,DHFR,graph,0.2482,Port_NetS_Degr
RSIF,DHFR,graph,0.5293,Port_NetS_Degr
RSIF,DHFR,graph,0.3582,Port_NetS_Degr
RSIF,DHFR,graph,0.3869,Port_NetS_Degr
RSIF,DHFR,graph,0.2852,Port_NetS_Degr
RSIF,DHFR,graph,0.3407,Port_NetS_Degr
RSIF,DHFR,graph,0.5976,Port_NetS_NetL
RSIF,DHFR,graph,0.314,Port_NetS_NetL
RSIF,DHFR,graph,0.4851,Port_NetS_NetL
RSIF,DHFR,graph,0.5437,Port_NetS_NetL
RSIF,DHFR,graph,0.3428,Port_NetS_NetL
RSIF,DHFR,graph,0.5077,Port_NetS_NetL
RSIF,DHFR,graph,0.4743,Port_NetS_NetL
RSIF,DHFR,graph,0.4342,Port_NetS_NetL
RSIF,DHFR,graph,0.4455,Port_NetS_NetL
RSIF,DHFR,graph,0.5442,Port_NetS_NetL
RSIF,DHFR,graph,0.5493,Port_NetS_Nume
RSIF,DHFR,graph,0.2009,Port_NetS_Nume
RSIF,DHFR,graph,0.4851,Port_NetS_Nume
RSIF,DHFR,graph,0.556,Port_NetS_Nume
RSIF,DHFR,graph,0.2831,Port_NetS_Nume
RSIF,DHFR,graph,0.4995,Port_NetS_Nume
RSIF,DHFR,graph,0.4815,Port_NetS_Nume
RSIF,DHFR,graph,0.3972,Port_NetS_Nume
RSIF,DHFR,graph,0.4281,Port_NetS_Nume
RSIF,DHFR,graph,0.5329,Port_NetS_Nume
RSIF,DHFR,graph,0.5072,Port_NetS
RSIF,DHFR,graph,0.2451,Port_NetS
RSIF,DHFR,graph,0.4913,Port_NetS
RSIF,DHFR,graph,0.5221,Port_NetS
RSIF,DHFR,graph,0.2729,Port_NetS
RSIF,DHFR,graph,0.5221,Port_NetS
RSIF,DHFR,graph,0.4363,Port_NetS
RSIF,DHFR,graph,0.4126,Port_NetS
RSIF,DHFR,graph,0.3777,Port_NetS
RSIF,DHFR,graph,0.4363,Port_NetS
RSIF,DHFR,graph,0.5802,Port_Degr_NetL
RSIF,DHFR,graph,0.2986,Port_Degr_NetL
RSIF,DHFR,graph,0.483,Port_Degr_NetL
RSIF,DHFR,graph,0.5478,Port_Degr_NetL
RSIF,DHFR,graph,0.2677,Port_Degr_NetL
RSIF,DHFR,graph,0.4656,Port_Degr_NetL
RSIF,DHFR,graph,0.4383,Port_Degr_NetL
RSIF,DHFR,graph,0.3715,Port_Degr_NetL
RSIF,DHFR,graph,0.5103,Port_Degr_NetL
RSIF,DHFR,graph,0.5771,Port_Degr_NetL
RSIF,DHFR,graph,0.5689,Port_Degr_Nume
RSIF,DHFR,graph,0.2246,Port_Degr_Nume
RSIF,DHFR,graph,0.4789,Port_Degr_Nume
RSIF,DHFR,graph,0.5653,Port_Degr_Nume
RSIF,DHFR,graph,0.2472,Port_Degr_Nume
RSIF,DHFR,graph,0.4553,Port_Degr_Nume
RSIF,DHFR,graph,0.4836,Port_Degr_Nume
RSIF,DHFR,graph,0.3222,Port_Degr_Nume
RSIF,DHFR,graph,0.4486,Port_Degr_Nume
RSIF,DHFR,graph,0.5288,Port_Degr_Nume
RSIF,DHFR,graph,0.4856,Port_Degr
RSIF,DHFR,graph,0.1691,Port_Degr
RSIF,DHFR,graph,0.4789,Port_Degr
RSIF,DHFR,graph,0.518,Port_Degr
RSIF,DHFR,graph,0.2297,Port_Degr
RSIF,DHFR,graph,0.48,Port_Degr
RSIF,DHFR,graph,0.4743,Port_Degr
RSIF,DHFR,graph,0.3284,Port_Degr
RSIF,DHFR,graph,0.3818,Port_Degr
RSIF,DHFR,graph,0.5442,Port_Degr
RSIF,DHFR,graph,0.611,Port_NetL_Nume
RSIF,DHFR,graph,0.3325,Port_NetL_Nume
RSIF,DHFR,graph,0.5776,Port_NetL_Nume
RSIF,DHFR,graph,0.5848,Port_NetL_Nume
RSIF,DHFR,graph,0.3428,Port_NetL_Nume
RSIF,DHFR,graph,0.5375,Port_NetL_Nume
RSIF,DHFR,graph,0.5175,Port_NetL_Nume
RSIF,DHFR,graph,0.4599,Port_NetL_Nume
RSIF,DHFR,graph,0.5473,Port_NetL_Nume
RSIF,DHFR,graph,0.6531,Port_NetL_Nume
RSIF,DHFR,graph,0.6254,Port_NetL
RSIF,DHFR,graph,0.3448,Port_NetL
RSIF,DHFR,graph,0.6043,Port_NetL
RSIF,DHFR,graph,0.5838,Port_NetL
RSIF,DHFR,graph,0.352,Port_NetL
RSIF,DHFR,graph,0.4974,Port_NetL
RSIF,DHFR,graph,0.5226,Port_NetL
RSIF,DHFR,graph,0.4496,Port_NetL
RSIF,DHFR,graph,0.5678,Port_NetL
RSIF,DHFR,graph,0.6912,Port_NetL
RSIF,DHFR,graph,0.61,Port_Nume
RSIF,DHFR,graph,0.3335,Port_Nume
RSIF,DHFR,graph,0.5951,Port_Nume
RSIF,DHFR,graph,0.5961,Port_Nume
RSIF,DHFR,graph,0.3479,Port_Nume
RSIF,DHFR,graph,0.4892,Port_Nume
RSIF,DHFR,graph,0.5442,Port_Nume
RSIF,DHFR,graph,0.4332,Port_Nume
RSIF,DHFR,graph,0.5257,Port_Nume
RSIF,DHFR,graph,0.5781,Port_Nume
RSIF,DHFR,graph,0.6418,Port
RSIF,DHFR,graph,0.3428,Port
RSIF,DHFR,graph,0.629,Port
RSIF,DHFR,graph,0.6608,Port
RSIF,DHFR,graph,0.4013,Port
RSIF,DHFR,graph,0.5457,Port
RSIF,DHFR,graph,0.5709,Port
RSIF,DHFR,graph,0.4353,Port
RSIF,DHFR,graph,0.5195,Port
RSIF,DHFR,graph,0.6387,Port
RSIF,DHFR,graph,0.3402,BagO_NetS_Degr
RSIF,DHFR,graph,0.1922,BagO_NetS_Degr
RSIF,DHFR,graph,0.295,BagO_NetS_Degr
RSIF,DHFR,graph,0.3042,BagO_NetS_Degr
RSIF,DHFR,graph,0.2549,BagO_NetS_Degr
RSIF,DHFR,graph,0.4522,BagO_NetS_Degr
RSIF,DHFR,graph,0.2379,BagO_NetS_Degr
RSIF,DHFR,graph,0.3941,BagO_NetS_Degr
RSIF,DHFR,graph,0.2384,BagO_NetS_Degr
RSIF,DHFR,graph,0.2348,BagO_NetS_Degr
RSIF,DHFR,graph,0.4882,BagO_NetS_NetL
RSIF,DHFR,graph,0.3844,BagO_NetS_NetL
RSIF,DHFR,graph,0.4265,BagO_NetS_NetL
RSIF,DHFR,graph,0.4553,BagO_NetS_NetL
RSIF,DHFR,graph,0.2215,BagO_NetS_NetL
RSIF,DHFR,graph,0.4697,BagO_NetS_NetL
RSIF,DHFR,graph,0.4486,BagO_NetS_NetL
RSIF,DHFR,graph,0.2888,BagO_NetS_NetL
RSIF,DHFR,graph,0.4954,BagO_NetS_NetL
RSIF,DHFR,graph,0.4815,BagO_NetS_NetL
RSIF,DHFR,graph,0.5092,BagO_NetS_Nume
RSIF,DHFR,graph,0.297,BagO_NetS_Nume
RSIF,DHFR,graph,0.406,BagO_NetS_Nume
RSIF,DHFR,graph,0.4337,BagO_NetS_Nume
RSIF,DHFR,graph,0.2292,BagO_NetS_Nume
RSIF,DHFR,graph,0.3957,BagO_NetS_Nume
RSIF,DHFR,graph,0.4681,BagO_NetS_Nume
RSIF,DHFR,graph,0.4399,BagO_NetS_Nume
RSIF,DHFR,graph,0.4029,BagO_NetS_Nume
RSIF,DHFR,graph,0.4625,BagO_NetS_Nume
RSIF,DHFR,graph,0.3201,BagO_NetS
RSIF,DHFR,graph,0.3104,BagO_NetS
RSIF,DHFR,graph,0.3505,BagO_NetS
RSIF,DHFR,graph,0.2837,BagO_NetS
RSIF,DHFR,graph,0.258,BagO_NetS
RSIF,DHFR,graph,0.5745,BagO_NetS
RSIF,DHFR,graph,0.279,BagO_NetS
RSIF,DHFR,graph,0.3535,BagO_NetS
RSIF,DHFR,graph,0.2539,BagO_NetS
RSIF,DHFR,graph,0.2667,BagO_NetS
RSIF,DHFR,graph,0.4332,BagO_Degr_NetL
RSIF,DHFR,graph,0.3751,BagO_Degr_NetL
RSIF,DHFR,graph,0.4147,BagO_Degr_NetL
RSIF,DHFR,graph,0.4872,BagO_Degr_NetL
RSIF,DHFR,graph,0.24,BagO_Degr_NetL
RSIF,DHFR,graph,0.3813,BagO_Degr_NetL
RSIF,DHFR,graph,0.4363,BagO_Degr_NetL
RSIF,DHFR,graph,0.3623,BagO_Degr_NetL
RSIF,DHFR,graph,0.483,BagO_Degr_NetL
RSIF,DHFR,graph,0.4301,BagO_Degr_NetL
RSIF,DHFR,graph,0.4522,BagO_Degr_Nume
RSIF,DHFR,graph,0.3237,BagO_Degr_Nume
RSIF,DHFR,graph,0.3314,BagO_Degr_Nume
RSIF,DHFR,graph,0.4522,BagO_Degr_Nume
RSIF,DHFR,graph,0.2163,BagO_Degr_Nume
RSIF,DHFR,graph,0.3237,BagO_Degr_Nume
RSIF,DHFR,graph,0.4353,BagO_Degr_Nume
RSIF,DHFR,graph,0.3371,BagO_Degr_Nume
RSIF,DHFR,graph,0.4414,BagO_Degr_Nume
RSIF,DHFR,graph,0.4399,BagO_Degr_Nume
RSIF,DHFR,graph,0.3962,BagO_Degr
RSIF,DHFR,graph,0.3022,BagO_Degr
RSIF,DHFR,graph,0.2965,BagO_Degr
RSIF,DHFR,graph,0.3525,BagO_Degr
RSIF,DHFR,graph,0.1917,BagO_Degr
RSIF,DHFR,graph,0.4378,BagO_Degr
RSIF,DHFR,graph,0.2276,BagO_Degr
RSIF,DHFR,graph,0.3114,BagO_Degr
RSIF,DHFR,graph,0.2775,BagO_Degr
RSIF,DHFR,graph,0.2497,BagO_Degr
RSIF,DHFR,graph,0.5473,BagO_NetL_Nume
RSIF,DHFR,graph,0.517,BagO_NetL_Nume
RSIF,DHFR,graph,0.4836,BagO_NetL_Nume
RSIF,DHFR,graph,0.5529,BagO_NetL_Nume
RSIF,DHFR,graph,0.3011,BagO_NetL_Nume
RSIF,DHFR,graph,0.5057,BagO_NetL_Nume
RSIF,DHFR,graph,0.5092,BagO_NetL_Nume
RSIF,DHFR,graph,0.4548,BagO_NetL_Nume
RSIF,DHFR,graph,0.5622,BagO_NetL_Nume
RSIF,DHFR,graph,0.631,BagO_NetL_Nume
RSIF,DHFR,graph,0.628,BagO_NetL
RSIF,DHFR,graph,0.5797,BagO_NetL
RSIF,DHFR,graph,0.5365,BagO_NetL
RSIF,DHFR,graph,0.5683,BagO_NetL
RSIF,DHFR,graph,0.3176,BagO_NetL
RSIF,DHFR,graph,0.4846,BagO_NetL
RSIF,DHFR,graph,0.464,BagO_NetL
RSIF,DHFR,graph,0.499,BagO_NetL
RSIF,DHFR,graph,0.5884,BagO_NetL
RSIF,DHFR,graph,0.6192,BagO_NetL
RSIF,DHFR,graph,0.5925,BagO_Nume
RSIF,DHFR,graph,0.5411,BagO_Nume
RSIF,DHFR,graph,0.5026,BagO_Nume
RSIF,DHFR,graph,0.5761,BagO_Nume
RSIF,DHFR,graph,0.4368,BagO_Nume
RSIF,DHFR,graph,0.4943,BagO_Nume
RSIF,DHFR,graph,0.5349,BagO_Nume
RSIF,DHFR,graph,0.4435,BagO_Nume
RSIF,DHFR,graph,0.5822,BagO_Nume
RSIF,DHFR,graph,0.6089,BagO_Nume
RSIF,DHFR,graph,0.518,BagO
RSIF,DHFR,graph,0.5581,BagO
RSIF,DHFR,graph,0.4923,BagO
RSIF,DHFR,graph,0.4995,BagO
RSIF,DHFR,graph,0.4018,BagO
RSIF,DHFR,graph,0.5344,BagO
RSIF,DHFR,graph,0.4794,BagO
RSIF,DHFR,graph,0.5755,BagO
RSIF,DHFR,graph,0.6922,BagO
RSIF,DHFR,graph,0.6655,BagO
RSIF,DHFR,graph,0.4517,NetS_Degr_NetL
RSIF,DHFR,graph,0.2076,NetS_Degr_NetL
RSIF,DHFR,graph,0.372,NetS_Degr_NetL
RSIF,DHFR,graph,0.4599,NetS_Degr_NetL
RSIF,DHFR,graph,0.1942,NetS_Degr_NetL
RSIF,DHFR,graph,0.4337,NetS_Degr_NetL
RSIF,DHFR,graph,0.3998,NetS_Degr_NetL
RSIF,DHFR,graph,0.3422,NetS_Degr_NetL
RSIF,DHFR,graph,0.3947,NetS_Degr_NetL
RSIF,DHFR,graph,0.4794,NetS_Degr_NetL
RSIF,DHFR,graph,0.3941,NetS_Degr_Nume
RSIF,DHFR,graph,0.2081,NetS_Degr_Nume
RSIF,DHFR,graph,0.3104,NetS_Degr_Nume
RSIF,DHFR,graph,0.4697,NetS_Degr_Nume
RSIF,DHFR,graph,0.1793,NetS_Degr_Nume
RSIF,DHFR,graph,0.5005,NetS_Degr_Nume
RSIF,DHFR,graph,0.4044,NetS_Degr_Nume
RSIF,DHFR,graph,0.3304,NetS_Degr_Nume
RSIF,DHFR,graph,0.352,NetS_Degr_Nume
RSIF,DHFR,graph,0.4239,NetS_Degr_Nume
RSIF,DHFR,graph,0.3684,NetS_Degr
RSIF,DHFR,graph,0.1192,NetS_Degr
RSIF,DHFR,graph,0.3659,NetS_Degr
RSIF,DHFR,graph,0.4065,NetS_Degr
RSIF,DHFR,graph,0.1423,NetS_Degr
RSIF,DHFR,graph,0.5776,NetS_Degr
RSIF,DHFR,graph,0.3001,NetS_Degr
RSIF,DHFR,graph,0.3607,NetS_Degr
RSIF,DHFR,graph,0.1593,NetS_Degr
RSIF,DHFR,graph,0.3366,NetS_Degr
RSIF,DHFR,graph,0.5771,NetS_NetL_Nume
RSIF,DHFR,graph,0.2821,NetS_NetL_Nume
RSIF,DHFR,graph,0.4224,NetS_NetL_Nume
RSIF,DHFR,graph,0.5339,NetS_NetL_Nume
RSIF,DHFR,graph,0.3119,NetS_NetL_Nume
RSIF,DHFR,graph,0.4306,NetS_NetL_Nume
RSIF,DHFR,graph,0.4476,NetS_NetL_Nume
RSIF,DHFR,graph,0.4003,NetS_NetL_Nume
RSIF,DHFR,graph,0.4651,NetS_NetL_Nume
RSIF,DHFR,graph,0.5966,NetS_NetL_Nume
RSIF,DHFR,graph,0.5411,NetS_NetL
RSIF,DHFR,graph,0.2688,NetS_NetL
RSIF,DHFR,graph,0.3916,NetS_NetL
RSIF,DHFR,graph,0.4938,NetS_NetL
RSIF,DHFR,graph,0.2554,NetS_NetL
RSIF,DHFR,graph,0.4748,NetS_NetL
RSIF,DHFR,graph,0.4553,NetS_NetL
RSIF,DHFR,graph,0.3649,NetS_NetL
RSIF,DHFR,graph,0.4985,NetS_NetL
RSIF,DHFR,graph,0.5031,NetS_NetL
RSIF,DHFR,graph,0.4548,NetS_Nume
RSIF,DHFR,graph,0.1608,NetS_Nume
RSIF,DHFR,graph,0.4121,NetS_Nume
RSIF,DHFR,graph,0.5098,NetS_Nume
RSIF,DHFR,graph,0.2626,NetS_Nume
RSIF,DHFR,graph,0.4954,NetS_Nume
RSIF,DHFR,graph,0.3916,NetS_Nume
RSIF,DHFR,graph,0.3869,NetS_Nume
RSIF,DHFR,graph,0.3777,NetS_Nume
RSIF,DHFR,graph,0.5319,NetS_Nume
RSIF,DHFR,graph,0.388,NetS
RSIF,DHFR,graph,0.239,NetS
RSIF,DHFR,graph,0.3875,NetS
RSIF,DHFR,graph,0.2205,NetS
RSIF,DHFR,graph,0.2955,NetS
RSIF,DHFR,graph,0.6506,NetS
RSIF,DHFR,graph,0.2343,NetS
RSIF,DHFR,graph,0.4239,NetS
RSIF,DHFR,graph,0.2251,NetS
RSIF,DHFR,graph,0.2595,NetS
RSIF,DHFR,graph,0.5339,Degr_NetL_Nume
RSIF,DHFR,graph,0.3027,Degr_NetL_Nume
RSIF,DHFR,graph,0.4039,Degr_NetL_Nume
RSIF,DHFR,graph,0.5303,Degr_NetL_Nume
RSIF,DHFR,graph,0.2276,Degr_NetL_Nume
RSIF,DHFR,graph,0.3936,Degr_NetL_Nume
RSIF,DHFR,graph,0.4481,Degr_NetL_Nume
RSIF,DHFR,graph,0.3129,Degr_NetL_Nume
RSIF,DHFR,graph,0.4723,Degr_NetL_Nume
RSIF,DHFR,graph,0.5504,Degr_NetL_Nume
RSIF,DHFR,graph,0.5344,Degr_NetL
RSIF,DHFR,graph,0.2744,Degr_NetL
RSIF,DHFR,graph,0.3895,Degr_NetL
RSIF,DHFR,graph,0.5149,Degr_NetL
RSIF,DHFR,graph,0.2215,Degr_NetL
RSIF,DHFR,graph,0.4419,Degr_NetL
RSIF,DHFR,graph,0.4142,Degr_NetL
RSIF,DHFR,graph,0.3309,Degr_NetL
RSIF,DHFR,graph,0.4815,Degr_NetL
RSIF,DHFR,graph,0.5519,Degr_NetL
RSIF,DHFR,graph,0.538,Degr_Nume
RSIF,DHFR,graph,0.2215,Degr_Nume
RSIF,DHFR,graph,0.4296,Degr_Nume
RSIF,DHFR,graph,0.519,Degr_Nume
RSIF,DHFR,graph,0.1876,Degr_Nume
RSIF,DHFR,graph,0.443,Degr_Nume
RSIF,DHFR,graph,0.4388,Degr_Nume
RSIF,DHFR,graph,0.2996,Degr_Nume
RSIF,DHFR,graph,0.4363,Degr_Nume
RSIF,DHFR,graph,0.499,Degr_Nume
RSIF,DHFR,graph,0.4748,Degr
RSIF,DHFR,graph,0.1161,Degr
RSIF,DHFR,graph,0.3834,Degr
RSIF,DHFR,graph,0.4815,Degr
RSIF,DHFR,graph,0.1896,Degr
RSIF,DHFR,graph,0.5195,Degr
RSIF,DHFR,graph,0.2857,Degr
RSIF,DHFR,graph,0.3392,Degr
RSIF,DHFR,graph,0.3001,Degr
RSIF,DHFR,graph,0.4168,Degr
RSIF,DHFR,graph,0.6644,NetL_Nume
RSIF,DHFR,graph,0.4106,NetL_Nume
RSIF,DHFR,graph,0.5478,NetL_Nume
RSIF,DHFR,graph,0.5313,NetL_Nume
RSIF,DHFR,graph,0.3983,NetL_Nume
RSIF,DHFR,graph,0.5098,NetL_Nume
RSIF,DHFR,graph,0.5272,NetL_Nume
RSIF,DHFR,graph,0.4486,NetL_Nume
RSIF,DHFR,graph,0.6038,NetL_Nume
RSIF,DHFR,graph,0.6408,NetL_Nume
RSIF,DHFR,graph,0.6254,NetL
RSIF,DHFR,graph,0.4455,NetL
RSIF,DHFR,graph,0.5509,NetL
RSIF,DHFR,graph,0.5108,NetL
RSIF,DHFR,graph,0.4291,NetL
RSIF,DHFR,graph,0.4296,NetL
RSIF,DHFR,graph,0.501,NetL
RSIF,DHFR,graph,0.4281,NetL
RSIF,DHFR,graph,0.6269,NetL
RSIF,DHFR,graph,0.5421,NetL
RSIF,DHFR,graph,0.6408,Nume
RSIF,DHFR,graph,0.3715,Nume
RSIF,DHFR,graph,0.5879,Nume
RSIF,DHFR,graph,0.5498,Nume
RSIF,DHFR,graph,0.3335,Nume
RSIF,DHFR,graph,0.4995,Nume
RSIF,DHFR,graph,0.4974,Nume
RSIF,DHFR,graph,0.4692,Nume
RSIF,DHFR,graph,0.5175,Nume
RSIF,DHFR,graph,0.6367,Nume
