clf,dataset_name,dataset_type,auc,distances
RSIF,21_Lymphography,numerical,1.0,manh_eucl_cosi
RSIF,21_Lymphography,numerical,1.0,manh_eucl_cosi
RSIF,21_Lymphography,numerical,1.0,manh_eucl_cosi
RSIF,21_Lymphography,numerical,1.0,manh_eucl_cosi
RSIF,21_Lymphography,numerical,1.0,manh_eucl_cosi
RSIF,21_Lymphography,numerical,1.0,manh_eucl_cosi
RSIF,21_Lymphography,numerical,1.0,manh_eucl_cosi
RSIF,21_Lymphography,numerical,1.0,manh_eucl_cosi
RSIF,21_Lymphography,numerical,0.9767,manh_eucl_cosi
RSIF,21_Lymphography,numerical,0.9884,manh_eucl_cosi
RSIF,21_Lymphography,numerical,1.0,manh_eucl_cheb
RSIF,21_Lymphography,numerical,1.0,manh_eucl_cheb
RSIF,21_Lymphography,numerical,1.0,manh_eucl_cheb
RSIF,21_Lymphography,numerical,1.0,manh_eucl_cheb
RSIF,21_Lymphography,numerical,1.0,manh_eucl_cheb
RSIF,21_Lymphography,numerical,1.0,manh_eucl_cheb
RSIF,21_Lymphography,numerical,1.0,manh_eucl_cheb
RSIF,21_Lymphography,numerical,1.0,manh_eucl_cheb
RSIF,21_Lymphography,numerical,0.9767,manh_eucl_cheb
RSIF,21_Lymphography,numerical,1.0,manh_eucl_cheb
RSIF,21_Lymphography,numerical,1.0,manh_eucl
RSIF,21_Lymphography,numerical,1.0,manh_eucl
RSIF,21_Lymphography,numerical,1.0,manh_eucl
RSIF,21_Lymphography,numerical,1.0,manh_eucl
RSIF,21_Lymphography,numerical,1.0,manh_eucl
RSIF,21_Lymphography,numerical,1.0,manh_eucl
RSIF,21_Lymphography,numerical,1.0,manh_eucl
RSIF,21_Lymphography,numerical,1.0,manh_eucl
RSIF,21_Lymphography,numerical,1.0,manh_eucl
RSIF,21_Lymphography,numerical,1.0,manh_eucl
RSIF,21_Lymphography,numerical,1.0,manh_cosi_cheb
RSIF,21_Lymphography,numerical,1.0,manh_cosi_cheb
RSIF,21_Lymphography,numerical,1.0,manh_cosi_cheb
RSIF,21_Lymphography,numerical,1.0,manh_cosi_cheb
RSIF,21_Lymphography,numerical,1.0,manh_cosi_cheb
RSIF,21_Lymphography,numerical,1.0,manh_cosi_cheb
RSIF,21_Lymphography,numerical,1.0,manh_cosi_cheb
RSIF,21_Lymphography,numerical,1.0,manh_cosi_cheb
RSIF,21_Lymphography,numerical,0.9767,manh_cosi_cheb
RSIF,21_Lymphography,numerical,0.9884,manh_cosi_cheb
RSIF,21_Lymphography,numerical,1.0,manh_cosi
RSIF,21_Lymphography,numerical,1.0,manh_cosi
RSIF,21_Lymphography,numerical,1.0,manh_cosi
RSIF,21_Lymphography,numerical,1.0,manh_cosi
RSIF,21_Lymphography,numerical,1.0,manh_cosi
RSIF,21_Lymphography,numerical,1.0,manh_cosi
RSIF,21_Lymphography,numerical,1.0,manh_cosi
RSIF,21_Lymphography,numerical,1.0,manh_cosi
RSIF,21_Lymphography,numerical,0.9884,manh_cosi
RSIF,21_Lymphography,numerical,1.0,manh_cosi
RSIF,21_Lymphography,numerical,1.0,manh_cheb
RSIF,21_Lymphography,numerical,1.0,manh_cheb
RSIF,21_Lymphography,numerical,1.0,manh_cheb
RSIF,21_Lymphography,numerical,1.0,manh_cheb
RSIF,21_Lymphography,numerical,1.0,manh_cheb
RSIF,21_Lymphography,numerical,1.0,manh_cheb
RSIF,21_Lymphography,numerical,1.0,manh_cheb
RSIF,21_Lymphography,numerical,1.0,manh_cheb
RSIF,21_Lymphography,numerical,0.9767,manh_cheb
RSIF,21_Lymphography,numerical,0.9884,manh_cheb
RSIF,21_Lymphography,numerical,1.0,manh
RSIF,21_Lymphography,numerical,1.0,manh
RSIF,21_Lymphography,numerical,1.0,manh
RSIF,21_Lymphography,numerical,1.0,manh
RSIF,21_Lymphography,numerical,1.0,manh
RSIF,21_Lymphography,numerical,1.0,manh
RSIF,21_Lymphography,numerical,1.0,manh
RSIF,21_Lymphography,numerical,1.0,manh
RSIF,21_Lymphography,numerical,1.0,manh
RSIF,21_Lymphography,numerical,1.0,manh
RSIF,21_Lymphography,numerical,1.0,eucl_cosi_cheb
RSIF,21_Lymphography,numerical,1.0,eucl_cosi_cheb
RSIF,21_Lymphography,numerical,1.0,eucl_cosi_cheb
RSIF,21_Lymphography,numerical,1.0,eucl_cosi_cheb
RSIF,21_Lymphography,numerical,1.0,eucl_cosi_cheb
RSIF,21_Lymphography,numerical,1.0,eucl_cosi_cheb
RSIF,21_Lymphography,numerical,1.0,eucl_cosi_cheb
RSIF,21_Lymphography,numerical,1.0,eucl_cosi_cheb
RSIF,21_Lymphography,numerical,1.0,eucl_cosi_cheb
RSIF,21_Lymphography,numerical,1.0,eucl_cosi_cheb
RSIF,21_Lymphography,numerical,1.0,eucl_cosi
RSIF,21_Lymphography,numerical,1.0,eucl_cosi
RSIF,21_Lymphography,numerical,1.0,eucl_cosi
RSIF,21_Lymphography,numerical,1.0,eucl_cosi
RSIF,21_Lymphography,numerical,1.0,eucl_cosi
RSIF,21_Lymphography,numerical,1.0,eucl_cosi
RSIF,21_Lymphography,numerical,1.0,eucl_cosi
RSIF,21_Lymphography,numerical,1.0,eucl_cosi
RSIF,21_Lymphography,numerical,0.9767,eucl_cosi
RSIF,21_Lymphography,numerical,1.0,eucl_cosi
RSIF,21_Lymphography,numerical,1.0,eucl_cheb
RSIF,21_Lymphography,numerical,1.0,eucl_cheb
RSIF,21_Lymphography,numerical,1.0,eucl_cheb
RSIF,21_Lymphography,numerical,1.0,eucl_cheb
RSIF,21_Lymphography,numerical,1.0,eucl_cheb
RSIF,21_Lymphography,numerical,1.0,eucl_cheb
RSIF,21_Lymphography,numerical,1.0,eucl_cheb
RSIF,21_Lymphography,numerical,1.0,eucl_cheb
RSIF,21_Lymphography,numerical,0.9884,eucl_cheb
RSIF,21_Lymphography,numerical,1.0,eucl_cheb
RSIF,21_Lymphography,numerical,1.0,eucl
RSIF,21_Lymphography,numerical,1.0,eucl
RSIF,21_Lymphography,numerical,1.0,eucl
RSIF,21_Lymphography,numerical,1.0,eucl
RSIF,21_Lymphography,numerical,1.0,eucl
RSIF,21_Lymphography,numerical,1.0,eucl
RSIF,21_Lymphography,numerical,1.0,eucl
RSIF,21_Lymphography,numerical,1.0,eucl
RSIF,21_Lymphography,numerical,1.0,eucl
RSIF,21_Lymphography,numerical,1.0,eucl
RSIF,21_Lymphography,numerical,1.0,cosi_cheb
RSIF,21_Lymphography,numerical,1.0,cosi_cheb
RSIF,21_Lymphography,numerical,1.0,cosi_cheb
RSIF,21_Lymphography,numerical,1.0,cosi_cheb
RSIF,21_Lymphography,numerical,1.0,cosi_cheb
RSIF,21_Lymphography,numerical,1.0,cosi_cheb
RSIF,21_Lymphography,numerical,1.0,cosi_cheb
RSIF,21_Lymphography,numerical,1.0,cosi_cheb
RSIF,21_Lymphography,numerical,0.9651,cosi_cheb
RSIF,21_Lymphography,numerical,0.9884,cosi_cheb
RSIF,21_Lymphography,numerical,1.0,cosi
RSIF,21_Lymphography,numerical,1.0,cosi
RSIF,21_Lymphography,numerical,1.0,cosi
RSIF,21_Lymphography,numerical,1.0,cosi
RSIF,21_Lymphography,numerical,1.0,cosi
RSIF,21_Lymphography,numerical,0.9884,cosi
RSIF,21_Lymphography,numerical,1.0,cosi
RSIF,21_Lymphography,numerical,1.0,cosi
RSIF,21_Lymphography,numerical,1.0,cosi
RSIF,21_Lymphography,numerical,1.0,cosi
RSIF,21_Lymphography,numerical,1.0,cheb
RSIF,21_Lymphography,numerical,1.0,cheb
RSIF,21_Lymphography,numerical,1.0,cheb
RSIF,21_Lymphography,numerical,1.0,cheb
RSIF,21_Lymphography,numerical,1.0,cheb
RSIF,21_Lymphography,numerical,1.0,cheb
RSIF,21_Lymphography,numerical,1.0,cheb
RSIF,21_Lymphography,numerical,1.0,cheb
RSIF,21_Lymphography,numerical,1.0,cheb
RSIF,21_Lymphography,numerical,0.9884,cheb
RSIF,36_speech,numerical,0.5223,manh_eucl_cosi
RSIF,36_speech,numerical,0.5001,manh_eucl_cosi
RSIF,36_speech,numerical,0.404,manh_eucl_cosi
RSIF,36_speech,numerical,0.3985,manh_eucl_cosi
RSIF,36_speech,numerical,0.3249,manh_eucl_cosi
RSIF,36_speech,numerical,0.3079,manh_eucl_cosi
RSIF,36_speech,numerical,0.4761,manh_eucl_cosi
RSIF,36_speech,numerical,0.3444,manh_eucl_cosi
RSIF,36_speech,numerical,0.4909,manh_eucl_cosi
RSIF,36_speech,numerical,0.4869,manh_eucl_cosi
RSIF,36_speech,numerical,0.4472,manh_eucl_cheb
RSIF,36_speech,numerical,0.49,manh_eucl_cheb
RSIF,36_speech,numerical,0.4313,manh_eucl_cheb
RSIF,36_speech,numerical,0.4027,manh_eucl_cheb
RSIF,36_speech,numerical,0.3709,manh_eucl_cheb
RSIF,36_speech,numerical,0.2912,manh_eucl_cheb
RSIF,36_speech,numerical,0.409,manh_eucl_cheb
RSIF,36_speech,numerical,0.3469,manh_eucl_cheb
RSIF,36_speech,numerical,0.4744,manh_eucl_cheb
RSIF,36_speech,numerical,0.4613,manh_eucl_cheb
RSIF,36_speech,numerical,0.4428,manh_eucl
RSIF,36_speech,numerical,0.5166,manh_eucl
RSIF,36_speech,numerical,0.4057,manh_eucl
RSIF,36_speech,numerical,0.4032,manh_eucl
RSIF,36_speech,numerical,0.3564,manh_eucl
RSIF,36_speech,numerical,0.3181,manh_eucl
RSIF,36_speech,numerical,0.4256,manh_eucl
RSIF,36_speech,numerical,0.3216,manh_eucl
RSIF,36_speech,numerical,0.459,manh_eucl
RSIF,36_speech,numerical,0.455,manh_eucl
RSIF,36_speech,numerical,0.4386,manh_cosi_cheb
RSIF,36_speech,numerical,0.5312,manh_cosi_cheb
RSIF,36_speech,numerical,0.4581,manh_cosi_cheb
RSIF,36_speech,numerical,0.4036,manh_cosi_cheb
RSIF,36_speech,numerical,0.4223,manh_cosi_cheb
RSIF,36_speech,numerical,0.4658,manh_cosi_cheb
RSIF,36_speech,numerical,0.5094,manh_cosi_cheb
RSIF,36_speech,numerical,0.3744,manh_cosi_cheb
RSIF,36_speech,numerical,0.5441,manh_cosi_cheb
RSIF,36_speech,numerical,0.491,manh_cosi_cheb
RSIF,36_speech,numerical,0.4759,manh_cosi
RSIF,36_speech,numerical,0.6054,manh_cosi
RSIF,36_speech,numerical,0.4646,manh_cosi
RSIF,36_speech,numerical,0.4846,manh_cosi
RSIF,36_speech,numerical,0.5226,manh_cosi
RSIF,36_speech,numerical,0.2827,manh_cosi
RSIF,36_speech,numerical,0.4646,manh_cosi
RSIF,36_speech,numerical,0.3158,manh_cosi
RSIF,36_speech,numerical,0.5327,manh_cosi
RSIF,36_speech,numerical,0.4579,manh_cosi
RSIF,36_speech,numerical,0.4384,manh_cheb
RSIF,36_speech,numerical,0.5515,manh_cheb
RSIF,36_speech,numerical,0.4076,manh_cheb
RSIF,36_speech,numerical,0.4136,manh_cheb
RSIF,36_speech,numerical,0.3657,manh_cheb
RSIF,36_speech,numerical,0.3099,manh_cheb
RSIF,36_speech,numerical,0.4012,manh_cheb
RSIF,36_speech,numerical,0.3207,manh_cheb
RSIF,36_speech,numerical,0.4561,manh_cheb
RSIF,36_speech,numerical,0.4394,manh_cheb
RSIF,36_speech,numerical,0.4509,manh
RSIF,36_speech,numerical,0.4798,manh
RSIF,36_speech,numerical,0.4385,manh
RSIF,36_speech,numerical,0.4828,manh
RSIF,36_speech,numerical,0.3771,manh
RSIF,36_speech,numerical,0.3136,manh
RSIF,36_speech,numerical,0.3905,manh
RSIF,36_speech,numerical,0.3563,manh
RSIF,36_speech,numerical,0.464,manh
RSIF,36_speech,numerical,0.4482,manh
RSIF,36_speech,numerical,0.4326,eucl_cosi_cheb
RSIF,36_speech,numerical,0.5428,eucl_cosi_cheb
RSIF,36_speech,numerical,0.4238,eucl_cosi_cheb
RSIF,36_speech,numerical,0.4585,eucl_cosi_cheb
RSIF,36_speech,numerical,0.4394,eucl_cosi_cheb
RSIF,36_speech,numerical,0.3887,eucl_cosi_cheb
RSIF,36_speech,numerical,0.5114,eucl_cosi_cheb
RSIF,36_speech,numerical,0.3346,eucl_cosi_cheb
RSIF,36_speech,numerical,0.4886,eucl_cosi_cheb
RSIF,36_speech,numerical,0.4653,eucl_cosi_cheb
RSIF,36_speech,numerical,0.5103,eucl_cosi
RSIF,36_speech,numerical,0.5402,eucl_cosi
RSIF,36_speech,numerical,0.3885,eucl_cosi
RSIF,36_speech,numerical,0.4363,eucl_cosi
RSIF,36_speech,numerical,0.416,eucl_cosi
RSIF,36_speech,numerical,0.3681,eucl_cosi
RSIF,36_speech,numerical,0.388,eucl_cosi
RSIF,36_speech,numerical,0.4215,eucl_cosi
RSIF,36_speech,numerical,0.5339,eucl_cosi
RSIF,36_speech,numerical,0.4555,eucl_cosi
RSIF,36_speech,numerical,0.4231,eucl_cheb
RSIF,36_speech,numerical,0.5808,eucl_cheb
RSIF,36_speech,numerical,0.4197,eucl_cheb
RSIF,36_speech,numerical,0.4363,eucl_cheb
RSIF,36_speech,numerical,0.338,eucl_cheb
RSIF,36_speech,numerical,0.3597,eucl_cheb
RSIF,36_speech,numerical,0.4246,eucl_cheb
RSIF,36_speech,numerical,0.2938,eucl_cheb
RSIF,36_speech,numerical,0.5253,eucl_cheb
RSIF,36_speech,numerical,0.4786,eucl_cheb
RSIF,36_speech,numerical,0.4742,eucl
RSIF,36_speech,numerical,0.5694,eucl
RSIF,36_speech,numerical,0.3929,eucl
RSIF,36_speech,numerical,0.4362,eucl
RSIF,36_speech,numerical,0.3297,eucl
RSIF,36_speech,numerical,0.361,eucl
RSIF,36_speech,numerical,0.4123,eucl
RSIF,36_speech,numerical,0.2819,eucl
RSIF,36_speech,numerical,0.5288,eucl
RSIF,36_speech,numerical,0.4964,eucl
RSIF,36_speech,numerical,0.4299,cosi_cheb
RSIF,36_speech,numerical,0.5421,cosi_cheb
RSIF,36_speech,numerical,0.4145,cosi_cheb
RSIF,36_speech,numerical,0.4141,cosi_cheb
RSIF,36_speech,numerical,0.3522,cosi_cheb
RSIF,36_speech,numerical,0.5544,cosi_cheb
RSIF,36_speech,numerical,0.4225,cosi_cheb
RSIF,36_speech,numerical,0.4266,cosi_cheb
RSIF,36_speech,numerical,0.4571,cosi_cheb
RSIF,36_speech,numerical,0.505,cosi_cheb
RSIF,36_speech,numerical,0.5374,cosi
RSIF,36_speech,numerical,0.6109,cosi
RSIF,36_speech,numerical,0.4796,cosi
RSIF,36_speech,numerical,0.6039,cosi
RSIF,36_speech,numerical,0.4619,cosi
RSIF,36_speech,numerical,0.5571,cosi
RSIF,36_speech,numerical,0.4107,cosi
RSIF,36_speech,numerical,0.5311,cosi
RSIF,36_speech,numerical,0.5069,cosi
RSIF,36_speech,numerical,0.4993,cosi
RSIF,36_speech,numerical,0.4626,cheb
RSIF,36_speech,numerical,0.5096,cheb
RSIF,36_speech,numerical,0.454,cheb
RSIF,36_speech,numerical,0.4672,cheb
RSIF,36_speech,numerical,0.4279,cheb
RSIF,36_speech,numerical,0.3679,cheb
RSIF,36_speech,numerical,0.4286,cheb
RSIF,36_speech,numerical,0.346,cheb
RSIF,36_speech,numerical,0.5484,cheb
RSIF,36_speech,numerical,0.5054,cheb
RSIF,6_cardio,numerical,0.9223,manh_eucl_cosi
RSIF,6_cardio,numerical,0.9255,manh_eucl_cosi
RSIF,6_cardio,numerical,0.8975,manh_eucl_cosi
RSIF,6_cardio,numerical,0.9167,manh_eucl_cosi
RSIF,6_cardio,numerical,0.9158,manh_eucl_cosi
RSIF,6_cardio,numerical,0.9636,manh_eucl_cosi
RSIF,6_cardio,numerical,0.9114,manh_eucl_cosi
RSIF,6_cardio,numerical,0.907,manh_eucl_cosi
RSIF,6_cardio,numerical,0.8988,manh_eucl_cosi
RSIF,6_cardio,numerical,0.8949,manh_eucl_cosi
RSIF,6_cardio,numerical,0.9636,manh_eucl_cheb
RSIF,6_cardio,numerical,0.9426,manh_eucl_cheb
RSIF,6_cardio,numerical,0.9522,manh_eucl_cheb
RSIF,6_cardio,numerical,0.9396,manh_eucl_cheb
RSIF,6_cardio,numerical,0.9185,manh_eucl_cheb
RSIF,6_cardio,numerical,0.9825,manh_eucl_cheb
RSIF,6_cardio,numerical,0.9598,manh_eucl_cheb
RSIF,6_cardio,numerical,0.9453,manh_eucl_cheb
RSIF,6_cardio,numerical,0.935,manh_eucl_cheb
RSIF,6_cardio,numerical,0.9614,manh_eucl_cheb
RSIF,6_cardio,numerical,0.9581,manh_eucl
RSIF,6_cardio,numerical,0.9419,manh_eucl
RSIF,6_cardio,numerical,0.944,manh_eucl
RSIF,6_cardio,numerical,0.9469,manh_eucl
RSIF,6_cardio,numerical,0.9429,manh_eucl
RSIF,6_cardio,numerical,0.9494,manh_eucl
RSIF,6_cardio,numerical,0.9238,manh_eucl
RSIF,6_cardio,numerical,0.9609,manh_eucl
RSIF,6_cardio,numerical,0.923,manh_eucl
RSIF,6_cardio,numerical,0.9349,manh_eucl
RSIF,6_cardio,numerical,0.9609,manh_cosi_cheb
RSIF,6_cardio,numerical,0.8837,manh_cosi_cheb
RSIF,6_cardio,numerical,0.9287,manh_cosi_cheb
RSIF,6_cardio,numerical,0.9437,manh_cosi_cheb
RSIF,6_cardio,numerical,0.9256,manh_cosi_cheb
RSIF,6_cardio,numerical,0.9684,manh_cosi_cheb
RSIF,6_cardio,numerical,0.9259,manh_cosi_cheb
RSIF,6_cardio,numerical,0.9436,manh_cosi_cheb
RSIF,6_cardio,numerical,0.9293,manh_cosi_cheb
RSIF,6_cardio,numerical,0.9373,manh_cosi_cheb
RSIF,6_cardio,numerical,0.9237,manh_cosi
RSIF,6_cardio,numerical,0.8668,manh_cosi
RSIF,6_cardio,numerical,0.8644,manh_cosi
RSIF,6_cardio,numerical,0.8607,manh_cosi
RSIF,6_cardio,numerical,0.8795,manh_cosi
RSIF,6_cardio,numerical,0.9245,manh_cosi
RSIF,6_cardio,numerical,0.8459,manh_cosi
RSIF,6_cardio,numerical,0.8913,manh_cosi
RSIF,6_cardio,numerical,0.8897,manh_cosi
RSIF,6_cardio,numerical,0.8404,manh_cosi
RSIF,6_cardio,numerical,0.9738,manh_cheb
RSIF,6_cardio,numerical,0.9481,manh_cheb
RSIF,6_cardio,numerical,0.9421,manh_cheb
RSIF,6_cardio,numerical,0.9484,manh_cheb
RSIF,6_cardio,numerical,0.9569,manh_cheb
RSIF,6_cardio,numerical,0.9791,manh_cheb
RSIF,6_cardio,numerical,0.9474,manh_cheb
RSIF,6_cardio,numerical,0.9411,manh_cheb
RSIF,6_cardio,numerical,0.9437,manh_cheb
RSIF,6_cardio,numerical,0.955,manh_cheb
RSIF,6_cardio,numerical,0.9492,manh
RSIF,6_cardio,numerical,0.9234,manh
RSIF,6_cardio,numerical,0.9347,manh
RSIF,6_cardio,numerical,0.9258,manh
RSIF,6_cardio,numerical,0.9421,manh
RSIF,6_cardio,numerical,0.9797,manh
RSIF,6_cardio,numerical,0.9445,manh
RSIF,6_cardio,numerical,0.9517,manh
RSIF,6_cardio,numerical,0.9171,manh
RSIF,6_cardio,numerical,0.942,manh
RSIF,6_cardio,numerical,0.9388,eucl_cosi_cheb
RSIF,6_cardio,numerical,0.9402,eucl_cosi_cheb
RSIF,6_cardio,numerical,0.9119,eucl_cosi_cheb
RSIF,6_cardio,numerical,0.888,eucl_cosi_cheb
RSIF,6_cardio,numerical,0.9582,eucl_cosi_cheb
RSIF,6_cardio,numerical,0.9572,eucl_cosi_cheb
RSIF,6_cardio,numerical,0.9288,eucl_cosi_cheb
RSIF,6_cardio,numerical,0.9262,eucl_cosi_cheb
RSIF,6_cardio,numerical,0.9273,eucl_cosi_cheb
RSIF,6_cardio,numerical,0.9234,eucl_cosi_cheb
RSIF,6_cardio,numerical,0.9313,eucl_cosi
RSIF,6_cardio,numerical,0.8351,eucl_cosi
RSIF,6_cardio,numerical,0.8614,eucl_cosi
RSIF,6_cardio,numerical,0.8889,eucl_cosi
RSIF,6_cardio,numerical,0.9077,eucl_cosi
RSIF,6_cardio,numerical,0.9229,eucl_cosi
RSIF,6_cardio,numerical,0.8618,eucl_cosi
RSIF,6_cardio,numerical,0.8311,eucl_cosi
RSIF,6_cardio,numerical,0.7995,eucl_cosi
RSIF,6_cardio,numerical,0.8425,eucl_cosi
RSIF,6_cardio,numerical,0.9557,eucl_cheb
RSIF,6_cardio,numerical,0.9313,eucl_cheb
RSIF,6_cardio,numerical,0.9389,eucl_cheb
RSIF,6_cardio,numerical,0.9497,eucl_cheb
RSIF,6_cardio,numerical,0.948,eucl_cheb
RSIF,6_cardio,numerical,0.9773,eucl_cheb
RSIF,6_cardio,numerical,0.9521,eucl_cheb
RSIF,6_cardio,numerical,0.9286,eucl_cheb
RSIF,6_cardio,numerical,0.9336,eucl_cheb
RSIF,6_cardio,numerical,0.954,eucl_cheb
RSIF,6_cardio,numerical,0.9569,eucl
RSIF,6_cardio,numerical,0.9267,eucl
RSIF,6_cardio,numerical,0.927,eucl
RSIF,6_cardio,numerical,0.932,eucl
RSIF,6_cardio,numerical,0.9437,eucl
RSIF,6_cardio,numerical,0.9598,eucl
RSIF,6_cardio,numerical,0.9398,eucl
RSIF,6_cardio,numerical,0.9274,eucl
RSIF,6_cardio,numerical,0.9055,eucl
RSIF,6_cardio,numerical,0.9251,eucl
RSIF,6_cardio,numerical,0.9557,cosi_cheb
RSIF,6_cardio,numerical,0.8197,cosi_cheb
RSIF,6_cardio,numerical,0.8984,cosi_cheb
RSIF,6_cardio,numerical,0.8994,cosi_cheb
RSIF,6_cardio,numerical,0.881,cosi_cheb
RSIF,6_cardio,numerical,0.9648,cosi_cheb
RSIF,6_cardio,numerical,0.9053,cosi_cheb
RSIF,6_cardio,numerical,0.9308,cosi_cheb
RSIF,6_cardio,numerical,0.8989,cosi_cheb
RSIF,6_cardio,numerical,0.9047,cosi_cheb
RSIF,6_cardio,numerical,0.5361,cosi
RSIF,6_cardio,numerical,0.4569,cosi
RSIF,6_cardio,numerical,0.602,cosi
RSIF,6_cardio,numerical,0.4632,cosi
RSIF,6_cardio,numerical,0.4328,cosi
RSIF,6_cardio,numerical,0.5278,cosi
RSIF,6_cardio,numerical,0.508,cosi
RSIF,6_cardio,numerical,0.4061,cosi
RSIF,6_cardio,numerical,0.4081,cosi
RSIF,6_cardio,numerical,0.5171,cosi
RSIF,6_cardio,numerical,0.971,cheb
RSIF,6_cardio,numerical,0.9591,cheb
RSIF,6_cardio,numerical,0.9343,cheb
RSIF,6_cardio,numerical,0.9625,cheb
RSIF,6_cardio,numerical,0.9429,cheb
RSIF,6_cardio,numerical,0.9788,cheb
RSIF,6_cardio,numerical,0.9541,cheb
RSIF,6_cardio,numerical,0.9457,cheb
RSIF,6_cardio,numerical,0.9453,cheb
RSIF,6_cardio,numerical,0.9542,cheb
RSIF,26_optdigits,numerical,0.6368,manh_eucl_cosi
RSIF,26_optdigits,numerical,0.7449,manh_eucl_cosi
RSIF,26_optdigits,numerical,0.7369,manh_eucl_cosi
RSIF,26_optdigits,numerical,0.7836,manh_eucl_cosi
RSIF,26_optdigits,numerical,0.688,manh_eucl_cosi
RSIF,26_optdigits,numerical,0.6395,manh_eucl_cosi
RSIF,26_optdigits,numerical,0.7469,manh_eucl_cosi
RSIF,26_optdigits,numerical,0.4981,manh_eucl_cosi
RSIF,26_optdigits,numerical,0.7629,manh_eucl_cosi
RSIF,26_optdigits,numerical,0.5296,manh_eucl_cosi
RSIF,26_optdigits,numerical,0.6972,manh_eucl_cheb
RSIF,26_optdigits,numerical,0.5445,manh_eucl_cheb
RSIF,26_optdigits,numerical,0.5981,manh_eucl_cheb
RSIF,26_optdigits,numerical,0.6288,manh_eucl_cheb
RSIF,26_optdigits,numerical,0.6283,manh_eucl_cheb
RSIF,26_optdigits,numerical,0.5611,manh_eucl_cheb
RSIF,26_optdigits,numerical,0.6325,manh_eucl_cheb
RSIF,26_optdigits,numerical,0.6213,manh_eucl_cheb
RSIF,26_optdigits,numerical,0.6283,manh_eucl_cheb
RSIF,26_optdigits,numerical,0.5461,manh_eucl_cheb
RSIF,26_optdigits,numerical,0.4896,manh_eucl
RSIF,26_optdigits,numerical,0.4636,manh_eucl
RSIF,26_optdigits,numerical,0.5791,manh_eucl
RSIF,26_optdigits,numerical,0.6798,manh_eucl
RSIF,26_optdigits,numerical,0.703,manh_eucl
RSIF,26_optdigits,numerical,0.5572,manh_eucl
RSIF,26_optdigits,numerical,0.5656,manh_eucl
RSIF,26_optdigits,numerical,0.6481,manh_eucl
RSIF,26_optdigits,numerical,0.624,manh_eucl
RSIF,26_optdigits,numerical,0.5116,manh_eucl
RSIF,26_optdigits,numerical,0.5832,manh_cosi_cheb
RSIF,26_optdigits,numerical,0.6883,manh_cosi_cheb
RSIF,26_optdigits,numerical,0.7079,manh_cosi_cheb
RSIF,26_optdigits,numerical,0.7484,manh_cosi_cheb
RSIF,26_optdigits,numerical,0.6479,manh_cosi_cheb
RSIF,26_optdigits,numerical,0.4922,manh_cosi_cheb
RSIF,26_optdigits,numerical,0.6834,manh_cosi_cheb
RSIF,26_optdigits,numerical,0.6687,manh_cosi_cheb
RSIF,26_optdigits,numerical,0.733,manh_cosi_cheb
RSIF,26_optdigits,numerical,0.638,manh_cosi_cheb
RSIF,26_optdigits,numerical,0.6874,manh_cosi
RSIF,26_optdigits,numerical,0.6902,manh_cosi
RSIF,26_optdigits,numerical,0.758,manh_cosi
RSIF,26_optdigits,numerical,0.6218,manh_cosi
RSIF,26_optdigits,numerical,0.8115,manh_cosi
RSIF,26_optdigits,numerical,0.6375,manh_cosi
RSIF,26_optdigits,numerical,0.8004,manh_cosi
RSIF,26_optdigits,numerical,0.7347,manh_cosi
RSIF,26_optdigits,numerical,0.6939,manh_cosi
RSIF,26_optdigits,numerical,0.5315,manh_cosi
RSIF,26_optdigits,numerical,0.5603,manh_cheb
RSIF,26_optdigits,numerical,0.6272,manh_cheb
RSIF,26_optdigits,numerical,0.4973,manh_cheb
RSIF,26_optdigits,numerical,0.5396,manh_cheb
RSIF,26_optdigits,numerical,0.6392,manh_cheb
RSIF,26_optdigits,numerical,0.6057,manh_cheb
RSIF,26_optdigits,numerical,0.4949,manh_cheb
RSIF,26_optdigits,numerical,0.6089,manh_cheb
RSIF,26_optdigits,numerical,0.5014,manh_cheb
RSIF,26_optdigits,numerical,0.5418,manh_cheb
RSIF,26_optdigits,numerical,0.5448,manh
RSIF,26_optdigits,numerical,0.6182,manh
RSIF,26_optdigits,numerical,0.5812,manh
RSIF,26_optdigits,numerical,0.7133,manh
RSIF,26_optdigits,numerical,0.7026,manh
RSIF,26_optdigits,numerical,0.6105,manh
RSIF,26_optdigits,numerical,0.625,manh
RSIF,26_optdigits,numerical,0.5937,manh
RSIF,26_optdigits,numerical,0.6401,manh
RSIF,26_optdigits,numerical,0.5322,manh
RSIF,26_optdigits,numerical,0.5727,eucl_cosi_cheb
RSIF,26_optdigits,numerical,0.6437,eucl_cosi_cheb
RSIF,26_optdigits,numerical,0.5892,eucl_cosi_cheb
RSIF,26_optdigits,numerical,0.7865,eucl_cosi_cheb
RSIF,26_optdigits,numerical,0.7319,eucl_cosi_cheb
RSIF,26_optdigits,numerical,0.6737,eucl_cosi_cheb
RSIF,26_optdigits,numerical,0.59,eucl_cosi_cheb
RSIF,26_optdigits,numerical,0.7285,eucl_cosi_cheb
RSIF,26_optdigits,numerical,0.564,eucl_cosi_cheb
RSIF,26_optdigits,numerical,0.6527,eucl_cosi_cheb
RSIF,26_optdigits,numerical,0.7664,eucl_cosi
RSIF,26_optdigits,numerical,0.6409,eucl_cosi
RSIF,26_optdigits,numerical,0.6897,eucl_cosi
RSIF,26_optdigits,numerical,0.7856,eucl_cosi
RSIF,26_optdigits,numerical,0.7199,eucl_cosi
RSIF,26_optdigits,numerical,0.7316,eucl_cosi
RSIF,26_optdigits,numerical,0.5811,eucl_cosi
RSIF,26_optdigits,numerical,0.7549,eucl_cosi
RSIF,26_optdigits,numerical,0.6685,eucl_cosi
RSIF,26_optdigits,numerical,0.6734,eucl_cosi
RSIF,26_optdigits,numerical,0.6451,eucl_cheb
RSIF,26_optdigits,numerical,0.5837,eucl_cheb
RSIF,26_optdigits,numerical,0.5712,eucl_cheb
RSIF,26_optdigits,numerical,0.7083,eucl_cheb
RSIF,26_optdigits,numerical,0.6678,eucl_cheb
RSIF,26_optdigits,numerical,0.5202,eucl_cheb
RSIF,26_optdigits,numerical,0.5658,eucl_cheb
RSIF,26_optdigits,numerical,0.5891,eucl_cheb
RSIF,26_optdigits,numerical,0.6822,eucl_cheb
RSIF,26_optdigits,numerical,0.5452,eucl_cheb
RSIF,26_optdigits,numerical,0.6354,eucl
RSIF,26_optdigits,numerical,0.6354,eucl
RSIF,26_optdigits,numerical,0.6157,eucl
RSIF,26_optdigits,numerical,0.6462,eucl
RSIF,26_optdigits,numerical,0.7281,eucl
RSIF,26_optdigits,numerical,0.6202,eucl
RSIF,26_optdigits,numerical,0.6344,eucl
RSIF,26_optdigits,numerical,0.5988,eucl
RSIF,26_optdigits,numerical,0.6746,eucl
RSIF,26_optdigits,numerical,0.5669,eucl
RSIF,26_optdigits,numerical,0.7423,cosi_cheb
RSIF,26_optdigits,numerical,0.7094,cosi_cheb
RSIF,26_optdigits,numerical,0.6998,cosi_cheb
RSIF,26_optdigits,numerical,0.7584,cosi_cheb
RSIF,26_optdigits,numerical,0.7524,cosi_cheb
RSIF,26_optdigits,numerical,0.6665,cosi_cheb
RSIF,26_optdigits,numerical,0.6195,cosi_cheb
RSIF,26_optdigits,numerical,0.7476,cosi_cheb
RSIF,26_optdigits,numerical,0.7887,cosi_cheb
RSIF,26_optdigits,numerical,0.6838,cosi_cheb
RSIF,26_optdigits,numerical,0.7668,cosi
RSIF,26_optdigits,numerical,0.8118,cosi
RSIF,26_optdigits,numerical,0.7928,cosi
RSIF,26_optdigits,numerical,0.8784,cosi
RSIF,26_optdigits,numerical,0.7163,cosi
RSIF,26_optdigits,numerical,0.9152,cosi
RSIF,26_optdigits,numerical,0.7483,cosi
RSIF,26_optdigits,numerical,0.8428,cosi
RSIF,26_optdigits,numerical,0.9015,cosi
RSIF,26_optdigits,numerical,0.8258,cosi
RSIF,26_optdigits,numerical,0.5236,cheb
RSIF,26_optdigits,numerical,0.4838,cheb
RSIF,26_optdigits,numerical,0.5466,cheb
RSIF,26_optdigits,numerical,0.6692,cheb
RSIF,26_optdigits,numerical,0.4657,cheb
RSIF,26_optdigits,numerical,0.4182,cheb
RSIF,26_optdigits,numerical,0.554,cheb
RSIF,26_optdigits,numerical,0.6236,cheb
RSIF,26_optdigits,numerical,0.6264,cheb
RSIF,26_optdigits,numerical,0.4779,cheb
